Dog breeds,English name,summary,Origins,Lifetime,Weight range,Shoulder height range,Character key words,Precautions for feeding,Common health issues,Grouping,body shape,training,Hair shedding,Sports needs,Is it appropriate to get along with children
Chinese Small Dog (Shaanxi),Chinese Xi Dog (Shaanxi),"Traditional Chinese hunting dogs, slender and slender, run extremely fast, and are ancient royal hunting dogs.",China,12-15 years,18-25Kg,60-68cm,"Agile, loyal, docile","1. Ensure more than 1 hour of running exercise every day; 2-Pay attention to keeping warm in winter, as thin skin is not cold-resistant. 3. Regularly comb short coats and clean skin","hip dysplasia, patellar dislocation, ocular inflammation",hound,large,3,2,5,Yes
Russian Wolfhound,Borzoi,"Russian large hunting dog, with long and soft fur, elegant temperament, good at hunting wild wolves, independent and steady personality.",Russia,10-12 years,34-48Kg,68-85cm,"Elegance, independence, and meekness",1. 2 hours of free running per day; 2-Brush the long hair three times a week to prevent knotting. 3 Avoid eating immediately after intense exercise,"hip dysplasia, gastric torsion, hypothyroidism",hound,large,2,4,5,Yes
Brussels Griffin Dog,Brussels Griffon,"Belgian small toy dog, with a unique facial whisker and a playful appearance, is an excellent companion dog.",Belgium,12-15 years,3-6Kg,18-22cm,"Smart, clingy, lively",1. 30 minutes of light exercise per day is sufficient; 2-Regularly clean facial wrinkles to prevent infection. 3 Puppies should pay attention to preventing low blood sugar and eat small meals frequently,"Patellar dislocation, tracheal collapse, eye disease",toy,small,4,2,2,Yes
Belgian Griffin Dog,Belgian Griffon,"The Brussels Griffin dog is a close relative, with a harder coat and a lively and agile personality, suitable for urban apartment breeding.",Belgium,12-15 years,3-6Kg,18-22cm,"Smart, loyal, lively",1. Avoid high-altitude jumps and protect joints; 2-Brush the hard coat twice a week. 3 Pay attention to social training and avoid being timid and sensitive,"Patellar dislocation, periodontal disease, skin allergies",toy,small,4,2,2,Yes
Habana Dog,Havanese,"Cuba small toy dog with soft and fluffy fur, and a clingy personality, is a Cuba national dog.",Cuba,14-16 years,3-7Kg,20-28cm,"Docile, clingy, cheerful",1. 30 minutes of daily interactive exercise; 2-Brush long hair three times a week to prevent tangling. 3 Regularly clean the ear canal to prevent infection,"Patellar dislocation, cataracts, skin allergies",toy,small,5,3,2,Yes
The Enrique Bologna Dog,Bolognese,"Italian ancient toy dog, with pure white and fluffy fur, quiet and gentle personality, no body odor, suitable for family breeding.",Italy,12-14 years,3-6Kg,25-30cm,"quiet, loyal, docile","1. 20 to 30 minutes of light exercise per day; 2-Brush the coat three times a week to keep it white. 3. Eat light, prevent tear stains","Patellar dislocation, dacryocystitis, joint dysplasia",toy,small,4,2,1,Yes
Maltese Dog,Maltese,"The Mediterranean small toy dog has a snow-white and silky fur, and a gentle and elegant personality. It is a classic companion dog.",Malta,12-15 years,2-4Kg,20-25cm,"Graceful, docile, clingy",1. 30 minutes of indoor interaction every day; 2-Wipe the eyes daily to prevent tear stains. 3 Regularly trim long hair for easy care,"Patellar dislocation, tracheal collapse, hypoglycemia",toy,small,4,1,1,Yes
Lasa Dog,Lhasa Apso,"Xizang is an ancient breed of dog with thick and long fur, independent and alert personality, and is a traditional temple guard dog.",China Xizang,12-15 years,6-8Kg,25-28cm,"independence, vigilance, loyalty",1. 30 minutes of daily walking exercise; 2-Brush long hair four times a week to prevent knotting. 3 Pay attention to obedience training and correct stubbornness,"Poor hip development, eye disease, kidney problems",NON-sporting,small,3,5,2,Yes
Shishi Dog,Shih Tzu,"Traditional Chinese toy dog, originating from Xizang, is a court companion dog.",China,12-14 years,4-7Kg,23-27cm,"Docile, family, lively",1. 30 minutes of light exercise per day; 2-Daily grooming to prevent hair from tangling. 3 Clean the face regularly to prevent tear stains,"Patellar dislocation, dacryocystitis, kidney disease",toy,small,3,5,2,Yes
Jingba Dog,Pekingese,"The ancient Chinese court dog is small in size, with a flat face and a proud and loyal personality. It is a royal exclusive breed.",China,12-15 years,3-6Kg,15-23cm,"proud, loyal, independent",1. Avoid vigorous exercise to prevent heatstroke and hypoxia; 2-Regularly clean facial wrinkles to prevent infection. 3 Control weight and reduce joint pressure,"Short nose syndrome, patellar dislocation, heart disease",toy,small,2,4,1,No
King Charles Beagle,Cavalier King Charles Spaniel,"The United Kingdom Royal Toy Dog is a cute, gentle, and clingy dog, making it an excellent family companion dog.",United Kingdom,10-14 years,5-8Kg,30-33cm,"Docile, clingy, cheerful",1. 1 hour of light exercise per day; 2-Regularly check the heart to prevent genetic diseases. 3 Eat light and prevent ear infections,"Mitral heart disease, patellar dislocation, eye disease",toy,small,5,2,3,Yes
United Kingdom Toy Sandpiper Dog,English Toy Spaniel,"United Kingdom small toy dog, quiet and gentle, small size, suitable for apartment breeding.",United Kingdom,10-14 years,4-6Kg,25-28cm,"quiet, docile, loyal",1. 30-minute walk every day; 2-Avoid high-temperature environments to prevent heatstroke. 3 Regularly clean the ear canal to prevent infection,"Short nose syndrome, patellar dislocation, heart disease",toy,small,4,2,2,Yes
Japan,Japanese Chin,"An ancient Japanese toy dog, with a similar appearance to the Jingba, has an elegant and proud personality, and is a companion dog for the noble.",Japan,12-15 years,2-4Kg,20-27cm,"Elegance, pride, and cleverness",1. 30 minutes of light exercise per day; 2-Avoid vigorous exercise to prevent hypoxia. 3 Clean the face regularly to prevent tear stains,"Patellar dislocation, tracheal collapse, eye disease",toy,small,3,2,1,No
Monkey-faced dog,Affenpinscher,"German small terrier toy dog, with a monkey-like face, lively and clever personality, good at catching mice.",Germany,12-15 years,3-4Kg,23-29cm,"Smart, lively, brave","1. 30 minutes of daily interactive exercise; 2-Brush the coat twice a week. 3 Correct the habit of calling love, focus on training","Patellar dislocation, periodontal disease, joint dysplasia",toy,small,4,2,3,Yes
silk hair stem,Silky Terrier,"Australian small terrier, with smooth and soft fur, lively and agile personality, good at catching mice.",Australia,12-15 years,4-6Kg,23-26cm,"Smart, lively, loyal",1. 1 hour of light exercise per day; 2-Brush the silk coat three times a week. 3. Avoid conflicts with large dogs and protect yourself,"Patellar dislocation, hypoglycemia, skin allergies",terrier,small,4,1,3,Yes
Australian silk stalk,Australian Silky Terrier,"The improved variety of silk hair stems has a smaller size, smooth coat, and a lively and friendly personality.",Australia,12-15 years,3-5Kg,22-25cm,"Lively, family, clever",1. 30-minute walk every day; 2-Regularly trim the fur for easy maintenance. 3 Focus on social training and avoid being timid,"Patellar dislocation, eye disease, periodontal disease",terrier,small,4,1,3,Yes
Lake-side stem,Lakeland Terrier,"United Kingdom Lake area terrier, small in size, thick and hard fur, brave and lively, good at hunting.",United Kingdom,12-16 years,7-8Kg,33-38cm,"Brave, lively, quick",1. 1.5 hours of exercise per day; 2-Brush the coarse and hard coat twice a week. 3 Correct mining out instincts and regulate behavior,"Patellar dislocation, cataracts, skin allergies",terrier,small,4,3,4,Yes
Dandy Dingmon,Dandie Dinmont Terrier,"The ancient Scottish terrier has a unique appearance, soft fur, and a gentle and independent personality.",Scotland,12-15 years,8-11Kg,20-28cm,"independent, docile, brave",1. 1 hour of exercise per day; 2-Brush the coat three times a week. 3 Regularly check the spine to prevent injury,"disc herniation, patellar dislocation, eye disease",terrier,small,3,4,3,Yes
Irish Blue Terrier,Irish Blue Terrier,"The Kelly Blue Terrier, also known as the Kelly Blue Terrier, has a unique blue coat and is intelligent and loyal, making it an all-around work terrier.",Ireland,12-15 years,15-18Kg,45-50cm,"Smart, loyal, lively",1. 2 hours of exercise per day; 2-Brush the coat twice a week. 3 Pay attention to intellectual training to prevent boredom,"hip dysplasia, cataracts, thyroid disease",terrier,medium,4,3,4,Yes
The Czech stem,Cesky Terrier,"The terrier bred by Czech has soft fur and a gentle personality, suitable for family breeding.",Czech,12-15 years,6-8Kg,28-35cm,"Docile, smart, loyal",1. 1 hour of exercise per day; 2-Brush the coat twice a week. 3 Regular diet to prevent gastrointestinal problems,"Patellar dislocation, eye disease, gastrointestinal sensitivity",terrier,small,4,2,3,Yes
American hairless stem,American Hairless Terrier,"The American-bred terrierless dog has smooth skin and a lively and friendly personality, suitable for raising allergic individuals.",United States,12-16 years,5-8Kg,28-38cm,"Lively, family, clever",1. 30 minutes of light exercise per day; 2-Regularly apply skincare products to protect the skin. 3 Keep warm in winter and sun protection in summer,"Skin allergies, sunburn, and poor joint development",terrier,small,4,1,2,Yes
Peru Hairless Dog,Peruvian Inca Orchid,"Peru's ancient hairless dog, with different sizes and sizes, has a gentle and independent personality, and is a companion dog of the Inca civilization.",Peru,12-16 years,4-25Kg,25-55cm,"Docile, independent, clever","1. 1 hour of exercise per day; 2-Sun protection and moisturizing for the skin, preventing damage; 3 Focus on social training and adapt to the environment","Sunburn, sensitive stomach, joint problems",NON-sporting,medium,3,1,3,Yes
Mexican hairless dog,Xoloitzcuintli,"Ancient Mexican dog breed, divided into three body types, hairless, calm and loyal, used for worship and companionship.",Mexico,13-17 years,4-18Kg,25-58cm,"Steady, loyal, independent","1. 1 hour of exercise per day; 2-Skin cleansing and moisturizing, sun protection and frost prevention; 3 Check the heart regularly to prevent diseases","Skin problems, heart disease, gastrointestinal sensitivity",NON-sporting,medium,3,1,3,Yes
Portuguese Bordenco Dog,Portuguese Podengo,"Ancient Portuguese hunting dogs, with different sizes and sizes, lively and agile personality, good at hunting.",Portugal,12-15 years,5-20Kg,20-55cm,"Smart, lively, loyal",1. 2 hours of exercise per day; 2-Brush the coat once a week. 3 Focus on olfactory training to satisfy hunting instincts,"hip dysplasia, patellar dislocation, eye disease",hound,medium,4,2,5,Yes
Spanish Bordenco Dog,Spanish Podenco,"The Spanish hound, resembling a thin dog in appearance, has a quick and lively personality, and is good at hunting.",Spain,12-15 years,8-20Kg,40-55cm,"Agile, lively, loyal","1. 2 hours of running every day; 2-Regularly check the joints to prevent injuries. 3 Positive training, correcting stubborn personality","hip dysplasia, patellar dislocation, skin allergies",hound,medium,3,2,5,Yes
Canary Hound,Podenco Canario,"Canary Islands hound, medium size, short coat, lively and quick-witted personality.",Spain,12-16 years,10-16Kg,48-55cm,"Smart, lively, brave",1. 2 hours of exercise per day; 2-Brush the coat once a week. 3 Avoid being alone for too long to prevent anxiety,"Poor hip development, eye disease, gastrointestinal problems",hound,medium,3,2,5,Yes
Sicilian Hound,Cirneco dell'Etna,"Italian Sicilian Hound, small in size, short fur, gentle and agile in character.",Italy,12-17 years,8-12Kg,42-48cm,"Docile, quick, lively","1. 1.5 hours of exercise per day; 2-Brush the coat once a week. 3. Eat light, prevent stones","Patellar dislocation, eye disease, urinary tract stones",hound,small,4,2,4,Yes
Rod Western Asia Back Dog (Short Hair),Rhodesian Ridgeback,A large South African hunting dog with a unique spine hair on its back. It has a brave and loyal character and is a lion hunting dog.,South Africa,10-12 years,30-39Kg,61-69cm,"Brave, loyal, steady",1. 2.5 hours of high-intensity exercise per day; 2-Brush short coats once a week. 3 Early socialization to reduce aggression,"hip dysplasia, dermatomyositis, thyroid disease",hound,large,3,2,5,Yes
The Bordeaux Dog,Dogue de Bordeaux,The French large Mastiff has a short reddish-brown coat and a gentle and loyal personality. It is a guard dog.,France,8-Ten years,45-50Kg,58-69cm,"Docile, loyal, brave","1. 1 hour of light exercise every day, avoid strenuous exercise; 2-Cleans facial wrinkles and prevents infection. 3 Control weight and reduce joint pressure","hip dysplasia, short nose syndrome, heart disease",working,large,2,2,2,No
Bordeaux Mastiff,French Mastiff,"The Bordeaux dog, also known as the dog, has a large size and a calm personality. It is an excellent family guard dog.",France,8-Ten years,45-55Kg,58-70cm,"Steady, loyal, and protective",1. Avoid high-temperature exercise to prevent heatstroke; 2-Regularly check the joints to prevent injuries. 3 Low-salt diet to protect the kidneys,"Poor hip joint development, poor elbow development, eyelid inversion",working,large,2,2,2,No
Brazilian Mastiff,Fila Brasileiro,"Large Brazilian guard dog, large in size, loyal and protective of the owner, extremely vigilant.",Brazil,9-11 years,41-50Kg,60-75cm,"Protecting, vigilant, loyal","1. 2 hours of exercise per day; 2-Strict training and standardized guard behavior; 3 .No urban breeding, need a large space","hip dysplasia, stomach torsion, heart disease",working,large,2,3,4,No
Argentinian Dogo Dog,Dogo Argentino,"A large hunting dog bred in Argentina, with a white coat and a brave and fierce character, used to hunt large wild animals.",Argentina,10-12 years,36-45Kg,60-68cm,"Brave, loyal, fierce","1. 3 hours of high-intensity exercise per day; 2-Strict training to control aggression; 3 .No breeding in many places, comply with regulations","Deafness, hip dysplasia, skin allergies",working,large,3,1,5,No
Kuda Dog,Bully Kutta,"Pakistan large Mastiff, large in size, fierce in character, is a fighting dog and guard dog.",Pakistan,8-Ten years,70-90Kg,70-90cm,"Fierce, Protector, Strong","1. 2 hours of exercise per day; 2-Professional breeding, strict control; 3 .No breeding in many places, no breeding in cities","hip dysplasia, heart disease, joint injury",working,large,1,3,3,No
Tosa Dog,Tosa Inu,"Japanese large fighting dogs, large in size, steady and fierce in character, are silent fighting dogs.",Japan,10-12 years,45-60Kg,65-75cm,"Steady, fierce, silent","1. It is prohibited to raise privately and comply with regulations; 2-Professional training to control aggression; 3 Large space for breeding, avoid being alone","hip dysplasia, stomach torsion, heart disease",working,large,1,2,3,No
Caucasian sheepdog,Caucasian Shepherd Dog,"Russian large guard dog, with thick fur and a brave and protective character, used to guard sheep.",Russia,10-12 years,45-70Kg,64-75cm,"Brave, Protector, Beware","1. 2 hours of exercise per day; 2-Strict training to establish obedience; 3 Large space for breeding, not suitable for apartment","Poor hip development, poor elbow development, obesity",working,large,2,5,4,No
Central Asian sheepdog,Central Asian Shepherd Dog,"The ancient sheepdog in Central Asia has a large body, dense fur, and a calm and protective character.",Central Asia,12-15 years,40-65Kg,60-78cm,"Steady, Protector, Independent",1. 2 hours of exercise per day; 2 Early socialization and regulation of behavior; 3 .Broom the coat 3 times a week,"Poor hip development, poor elbow development, skin problems",working,large,2,4,4,No
Anatolian sheepdog,Anatolian Shepherd Dog,"Turkish Shepherd, large in size, cautious and independent, guarding livestock.",Turkey,11-13 years,41-64Kg,71-81cm,"Vigilance, independence, loyalty","1. 2 hours of exercise per day; 2-Positive training, not forcing obedience; 3 Large space for breeding, adaptable to outdoors","Poor hip development, eye disease, gastrointestinal sensitivity",working,large,2,3,4,No
Karabakh dog,Karabash Dog,"The Anatolian Shepherd, also known as the Turkish national treasure dog, is an excellent working dog that guards the sheep.",Turkey,11-13 years,40-65Kg,70-80cm,"independent, alert, brave","1. 2 hours of outdoor activities per day; 2-Regularly comb the coat, and comb it daily during the shedding period. 3. Focus on guard training, standardize instincts","hip dysplasia, cataracts, thyroid disease",working,large,2,3,4,No
Pyrenees Mastiff,Pyrenean Mastiff,"The Spanish large Mastiff, with thick fur, gentle and loyal character, guarding livestock.",Spain,10-12 years,55-75Kg,72-82cm,"Docile, loyal, and protective",1. 1.5 hours of exercise per day; 2-Brush the thick coat three times a week. 3 Avoid high temperatures and prevent heatstroke,"hip dysplasia, stomach torsion, obesity",working,large,2,5,3,Yes
Spanish Mastiff,Spanish Mastiff,"Large Spanish guard dog, large in size, thick in fur, calm in character, protecting the owner.",Spain,10-12 years,50-70Kg,70-85cm,"Steady, Protector, Docile",1. 1 hour of light exercise per day; 2-Cleans skin wrinkles and prevents infection. 3 Control diet to prevent obesity,"Poor hip development, poor elbow development, heart disease",working,large,2,4,2,No
Naples Mastiff (short hair),Neapolitan Mastiff,"Italian large Mastiff, with many wrinkles on the skin, short fur, and a calm and protective personality.",Italy,8-Ten years,50-70Kg,60-75cm,"Steady, loyal, and protective",1. 1 hour of light exercise per day; 2-Clean the skin wrinkles daily to prevent infection. 3 Avoid strenuous exercise to prevent hypoxia,"hip dysplasia, short nose syndrome, skin infection",working,large,2,2,2,No
French Bordeaux Dog (Red Mastiff),Red Bordeaux Dog,"The Bordeaux is a reddish-brown variant, with a large body size and gentle personality, making it an excellent companion guard dog.",France,8-Ten years,45-55Kg,58-70cm,"Docile, loyal, brave",1. 1 hour walk per day; 2-Regularly check the heart to prevent diseases. 3 Keep warm in winter and sun protection in summer,"hip dysplasia, heart disease, eyelid inversion",working,large,2,2,2,No
St. Tony's dog,Saintongeois,"A large French hunting dog with short fur, gentle and lively personality, good at tracking and hunting.",France,10-12 years,25-35Kg,58-68cm,"Docile, lively, quick-witted","1. 2 hours of exercise per day; 2-Brush the coat once a week. 3. Focus on olfactory training, satisfy instincts","hip dysplasia, ear infection, eye disease",hound,large,3,2,5,Yes
Wangdai Dog,Griffon Vendéen,"French hound, with coarse and hard fur, lively and agile personality, good at hunting small animals.",France,12-15 years,20-25Kg,48-55cm,"Lively, sharp, loyal",1. 2 hours of exercise per day; 2-Brush the coarse and hard coat twice a week. 3 Correct the habit of calling love and standardize behavior,"hip dysplasia, patellar dislocation, skin allergies",hound,medium,4,3,5,Yes
Billie Dog,Billy,"A large French hunting dog with short fur, lively and loyal personality, good at hunting.",France,12-15 years,25-30Kg,58-65cm,"Lively, loyal, agile",1. 2.5 hours of running exercise per day; 2-Brush the coat once a week. 3 Regularly check the joints to prevent injuries,"hip dysplasia, stomach torsion, eye disease",hound,large,3,2,5,Yes
Brick Dog,Brittany,"Brittany, also known as the French sports dog, is compact in size, good at finding instructions, and has a lively personality.",France,12-14 years,14-18Kg,44-52cm,"Lively, smart, family","1. 1.5 hours of exercise per day; 2-Brush the coat twice a week. 3. Positive training, strong learning ability","hip dysplasia, epilepsy, eye disease",sporting,medium,4,2,4,Yes
French Wolf Dog,Beauceron,"The French large sheepdog is strong in size, intelligent and loyal, and is an excellent working dog.",France,10-12 years,30-45Kg,61-70cm,"Smart, loyal, obedient",1. 2 hours of exercise per day; 2-Brush the coat twice a week. 3 Pay attention to intellectual training to prevent boredom,"hip dysplasia, stomach torsion, eye disease",herding,large,5,2,5,Yes
Picardy sheepdog,Picardy Shepherd,"The ancient French sheepdog has a coarse and hard coat, a gentle and intelligent personality, and is good at shepherding.",France,12-14 years,22-32Kg,55-62cm,"Docile, smart, loyal","1. 2 hours of exercise per day; 2-Brush the coarse and hard coat twice a week. 3 Early socialization, adaptation to the family","Poor hip development, eye disease, gastrointestinal sensitivity",herding,medium,4,3,4,Yes
Republic of Latvia sheepdog,Latvian Shepherd,"Republic of Latvia sheepdog, medium size, thick coat, lively and quick-witted personality.",Republic of Latvia,12-15 years,18-25Kg,50-58cm,"Smart, lively, loyal",1. 2 hours of exercise per day; 2-Brush the coat twice a week. 3. Emphasize obedience training and standardize behavior,"hip dysplasia, patellar dislocation, skin allergies",herding,medium,4,3,4,Yes
The Republic of Estonia Hound,Estonian Hound,"The hound bred by Republic of Estonia is of medium size, with short fur and a gentle and lively personality.",Republic of Estonia,12-15 years,15-20Kg,42-50cm,"Docile, lively, quick-witted",1. 2 hours of exercise per day; 2-Brush the coat once a week. 3 Regularly clean the ear canal to prevent infection,"hip dysplasia, ear infection, eye disease",hound,medium,3,2,4,Yes
Lithuanian Hound,Lithuanian Hound,"Lithuanian ancient hunting dog, medium-sized, short fur, loyal and lively personality.",Lithuania,12-15 years,18-25Kg,48-55cm,"Loyal, lively, olfactory","1. 2 hours of exercise per day; 2-Brush the coat once a week. 3. Focus on olfactory training, satisfy instincts","Poor hip development, ear infections, gastrointestinal problems",hound,medium,3,2,5,Yes
Republic of Belarus Lycra Dog,Belarusian Laika,"Republic of Belarus sled dog, with thick coat, tough and loyal character, adaptable to cold.",Republic of Belarus,12-15 years,18-25Kg,50-58cm,"Tough, loyal, lively",1. 2.5 hours of exercise per day; 2-Brush the coat twice a week. 3. Adapt to the cold and prevent heatstroke in summer,"hip dysplasia, eye diseases, skin allergies",working,medium,3,4,5,Yes
Russian European Lycra Dog,Russian-European Laika,"Russian hound, with thick fur, quick and brave personality, good at hunting.",Russia,12-15 years,18-25Kg,52-58cm,"Smart, brave, loyal",1. 2 hours of exercise per day; 2-Brush the coat twice a week. 3 Correct the hunting instinct and regulate behavior,"hip dysplasia, patellar dislocation, eye disease",hound,medium,3,3,5,Yes
Western Siberian Lecra Dog,West Siberian Laika,"The Russian Siberian Hound has a thick coat and a tough and lively personality, adapting to severe cold.",Russia,12-16 years,18-28Kg,53-60cm,"Tough, lively, loyal","1. 2.5 hours of exercise per day; 2-Brush the coat twice a week. 3 Winter outdoor adaptation, summer heat protection","Poor hip development, stomach twist, skin problems",hound,medium,3,4,5,Yes
East Siberian Lycra Dog,East Siberian Laika,"Russian large hunting dog with thick fur, calm and brave personality, strong hunting ability.",Russia,12-16 years,22-30Kg,55-66cm,"Steady, brave, loyal","1. 2.5 hours of exercise per day; 2-Brush the coat three times a week. 3 Large space for breeding, adaptable to outdoors","Poor hip joint development, poor elbow development, eye disease",hound,large,3,4,5,Yes
Karelia Bear Dog,Karelian Bear Dog,"Finnish hound, black and white fur, brave and fierce, used to hunt black bears.",Finland,11-13 years,17-22Kg,48-56cm,"Brave, fierce, loyal",1. 3 hours of high-intensity exercise per day; 2-Strict training to control aggression; 3 .Professional breeding,"hip dysplasia, deafness, eye disease",hound,medium,3,2,5,No
Finnish Hound (small),Finnish Spitz,"Finnish national dog, with golden fur, lively and agile personality, good at hunting birds.",Finland,12-15 years,7-10Kg,38-48cm,"Lively, sharp, loyal",1. 1.5 hours of exercise per day; 2-Brush the coat twice a week. 3 Correct the habit of calling love and standardize behavior,"hip dysplasia, patellar dislocation, eye disease",hound,small,4,3,4,Yes
Norwegian Hound,Norwegian Hound,"Norwegian large hunting dog, short fur, steady and loyal personality, good at hunting.",Norway,12-15 years,25-35Kg,55-65cm,"Steady, loyal, olfactory",1. 2 hours of exercise per day; 2-Brush the coat once a week. 3 Regularly clean the ear canal to prevent infection,"Poor hip development, ear infection, stomach torsion",hound,large,3,2,4,Yes
Swedish hound,Swedish Hound,"Swedish medium-sized hunting dog, short fur, lively and gentle personality, good at hunting.",Sweden,12-15 years,15-22Kg,45-55cm,"Lively, docile, quick-witted",1. 2 hours of exercise per day; 2-Brush the coat once a week. 3 Focus on social training and adapt to the family,"hip dysplasia, patellar dislocation, eye disease",hound,medium,3,2,4,Yes
Danish Hound,Danish Hound,"A large Danish hunting dog with short fur, gentle and loyal character, and a keen sense of smell.",Denmark,12-15 years,25-35Kg,58-68cm,"Docile, loyal, olfactory",1. 2 hours of exercise per day; 2-Brush the coat once a week. 3 Regularly check the joints to prevent injuries,"Poor hip development, ear infection, stomach torsion",hound,large,3,2,4,Yes
Dutch Hound,Dutch Hound,"Dutch medium-sized hunting dog, short fur, lively and agile personality, good at tracking.",Netherlands,12-15 years,20-28Kg,53-60cm,"Lively, sharp, loyal","1. 2 hours of exercise per day; 2-Brush the coat once a week. 3. Focus on olfactory training, satisfy instincts","hip dysplasia, patellar dislocation, eye disease",hound,medium,3,2,4,Yes
Belgian coarse-haired hound,Belgian Roughhaired Hound,"Belgian hound, with coarse and hard fur, lively and loyal personality, good at hunting.",Belgium,12-15 years,20-28Kg,55-62cm,"Lively, loyal, quick",1. 2 hours of exercise per day; 2-Brush the coarse and hard coat twice a week. 3 Regularly clean the ear canal to prevent infection,"hip dysplasia, skin allergies, eye diseases",hound,medium,4,3,4,Yes
Austrian Black and Brown Hound,Austrian Black and Tan Hound,"Austrian hound, black-brown fur, steady and loyal personality, good at tracking.",Austria,12-15 years,20-27Kg,48-56cm,"Steady, loyal, olfactory",1. 2 hours of exercise per day; 2-Brush the coat once a week. 3 Regular diet to prevent gastrointestinal problems,"hip dysplasia, ear infection, eye disease",hound,medium,3,2,4,Yes
The Slovak Republic Hound,Slovakian Hound,"Slovak Republic hound, short fur, lively and quick-witted, good at hunting.",Slovak Republic,12-15 years,18-25Kg,45-53cm,"Lively, sharp, loyal","1. 2 hours of exercise per day; 2-Brush the coat once a week. 3 Early socialization, adaptation to the environment","hip dysplasia, patellar dislocation, skin allergies",hound,medium,3,2,4,Yes
Hungarian Hound,Hungarian Hound,"Hungarian medium-sized hunting dog with short fur, gentle and loyal character, and a keen sense of smell.",Hungary,12-15 years,20-28Kg,50-58cm,"Docile, loyal, olfactory",1. 2 hours of exercise per day; 2-Brush the coat once a week. 3 Regularly check the heart to prevent diseases,"Poor hip development, ear infection, heart disease",hound,medium,3,2,4,Yes
Romanian Hound,Romanian Hound,"Romanian hound, with short fur, brave and lively personality, good at hunting.",Romania,12-15 years,22-30Kg,52-60cm,"Brave, lively, loyal","1. 2.5 hours of exercise per day; 2-Brush the coat once a week. 3 Strict training, standard behavior","hip dysplasia, patellar dislocation, eye disease",hound,medium,3,2,5,Yes
The Republic of Bulgaria Hound,Bulgarian Hound,"Republic of Bulgaria medium-sized hound, short-haired, quick-witted and loyal, good at tracking.",Republic of Bulgaria,12-15 years,18-25Kg,48-55cm,"Smart, loyal, lively","1. 2 hours of exercise per day; 2-Brush the coat once a week. 3. Focus on olfactory training, satisfy instincts","hip dysplasia, ear infections, skin allergies",hound,medium,3,2,4,Yes
Serbian Hound,Serbian Hound,"Serbian hound, short fur, steady and loyal personality, good at hunting.",Serbia,12-15 years,18-25Kg,45-53cm,"Steady, loyal, olfactory",1. 2 hours of exercise per day; 2-Brush the coat once a week. 3 Regularly clean the ear canal to prevent infection,"hip dysplasia, ear infection, eye disease",hound,medium,3,2,4,Yes
The Montenegro Hound,Montenegrin Hound,"Montenegro hound, short hair, lively and brave, good at hunting.",Montenegro,12-15 years,18-25Kg,48-55cm,"Lively, brave, loyal",1. 2.5 hours of exercise per day; 2-Brush the coat once a week. 3 Correct the habit of calling love and standardize behavior,"hip dysplasia, patellar dislocation, skin allergies",hound,medium,3,2,5,Yes
North Macedonia Hound,Macedonian Hound,"North Macedonia hound, short fur, gentle and quick-witted, good at tracking.",North Macedonia,12-15 years,18-25Kg,45-53cm,"Docile, smart, loyal","1. 2 hours of exercise per day; 2-Brush the coat once a week. 3. Eat light, prevent stones","hip dysplasia, urinary tract stones, eye diseases",hound,medium,3,2,4,Yes
The Republic of Albania Hound,Albanian Hound,"Republic of Albania hound, short fur, lively and loyal, good at hunting.",Republic of Albania,12-15 years,18-25Kg,48-55cm,"Lively, loyal, quick","1. 2 hours of exercise per day; 2-Brush the coat once a week. 3 Early socializing, adapting to family","hip dysplasia, patellar dislocation, skin allergies",hound,medium,3,2,4,Yes
Greek Hound,Greek Hound,"Ancient Greek hunting dog, short fur, steady and loyal character, with a keen sense of smell.",Greek,12-15 years,20-28Kg,50-58cm,"Steady, loyal, olfactory",1. 2 hours of exercise per day; 2-Brush the coat once a week. 3 Regularly check the joints to prevent injuries,"hip dysplasia, ear infection, eye disease",hound,medium,3,2,4,Yes
Turkish hound,Turkish Hound,"Turkish medium-sized hunting dog, short fur, lively and agile personality, good at hunting.",Turkey,12-15 years,18-25Kg,48-55cm,"Lively, sharp, loyal",1. 2.5 hours of exercise per day; 2-Brush the coat once a week. 3. Adapt to high temperatures and prevent heatstroke,"hip dysplasia, skin sunburn, eye disease",hound,medium,3,2,5,Yes
Iranian Hound,Iranian Hound,"An ancient Iranian hunting dog, slender in size, short in fur, and agile and gentle in character.",Iran,12-15 years,18-25Kg,55-65cm,"Agile, docile, loyal",1. 2 hours of running every day; 2-Brush the coat once a week. 3 Keep warm in winter and protect the skin,"hip dysplasia, patellar dislocation, skin allergies",hound,medium,3,2,5,Yes
Iraqi hounds,Iraqi Hound,"Iraqi hound, slim in size, short in fur, independent and agile in character.",Iraq,12-15 years,18-25Kg,55-65cm,"independent, agile, loyal","1. 2 hours of exercise per day; 2-Brush the coat once a week. 3 Positive training, adapting to the family","Poor hip development, eye disease, gastrointestinal sensitivity",hound,medium,2,2,5,Yes
Saudi Hound,Saudi Hound,"The Saudi Arabian hound has a slender body and short fur, adapting to desert environments.",Saudi Arabia,12-16 years,18-25Kg,55-65cm,"Independent, agile, heat-resistant",1. 2 hours of light exercise per day; 2-Sun protection for the skin to prevent sunburn; 3 .Replenish enough water to prevent dehydration,"Skin sunburn, dehydration, hip dysplasia",hound,medium,2,1,4,Yes
Emirati Hound,Emirati Hound,"Emirates hound, desert hound, short fur, quick and heat-resistant.",United Arab Emirates,12-16 years,18-25Kg,55-65cm,"Smart, heat-resistant, loyal","1. Exercise for 2 hours a day and avoid high temperatures. 2-Regularly replenish water to protect the skin. 3 Positive training, standardizing behavior","Skin problems, dehydration, poor joint development",hound,medium,3,1,4,Yes
The Kuwait Hound,Kuwaiti Hound,"The Kuwait desert hound is slim, with short hair and a gentle and independent personality.",Kuwait,12-16 years,18-25Kg,55-65cm,"Docile, independent, heat-resistant","1. 2 hours of exercise daily, morning and evening; 2-Skin moisturizing and sun protection; 3 Low-salt diet to protect the kidneys","Skin sunburn, kidney problems, poor hip development",hound,medium,2,1,4,Yes
Qatari Hound,Qatari Hound,"Qatari hound, desert hound, short fur, lively and quick-witted personality.",Qatar,12-16 years,18-25Kg,55-65cm,"Lively, agile, heat-resistant","1. Exercise for 2 hours a day, avoiding midday; 2-Regularly clean the skin to prevent infection. 3 .Replenish electrolytes to prevent heatstroke","Heat stroke, skin infection, joint injury",hound,medium,3,1,4,Yes
Barinhound,Bahraini Hound,"Barinhound, desert hound, short coat, gentle and loyal character.",Bahrain,12-16 years,18-25Kg,55-65cm,"Docile, loyal, heat-resistant",1. 2 hours of light exercise per day; 2-Skin sun protection and moisturizing; 3 Regular diet to prevent gastrointestinal problems,"Skin sunburn, gastrointestinal sensitivity, and poor hip development",hound,medium,2,1,3,Yes
The Oman Hound,Omani Hound,"Oman desert hound, short coat, independent and agile personality, adaptable to the desert.",Oman,12-16 years,18-25Kg,55-65cm,"Independent, agile, heat-resistant","1. 2 hours of exercise daily, morning and evening; 2-Drink enough water to prevent dehydration. 3 Positive training, no obedience","Dehydration, skin problems, poor joint development",hound,medium,2,1,4,Yes
Yemeni Hound,Yemeni Hound,"Yemeni hound, desert hound, short fur, brave and quick-witted personality.",Yemen,12-16 years,18-25Kg,55-65cm,"Brave, sharp, heat-resistant","1. 2.5 hours of exercise per day; 2. Sun protection for the skin to prevent damage; 3 Strict training, standard behavior","Skin sunburn, hip dysplasia, heat stroke",hound,medium,3,1,5,Yes
Indian Hound,Indian Hound,"An ancient Indian hunting dog with a slender body, short fur, and agile and gentle character.",India,12-15 years,18-25Kg,55-65cm,"Agile, docile, loyal",1. 2 hours of running every day; 2-Brush the coat once a week. 3. Adapt to high temperatures and prevent heatstroke,"hip dysplasia, heat stroke, eye disease",hound,medium,3,2,5,Yes
The Pakistan Hound,Pakistani Hound,"Pakistan hound, slim, short-haired, independent and brave.",Pakistan,12-15 years,18-25Kg,55-65cm,"Independent, brave, agile","1. 2 hours of exercise per day; 2-Keep warm in winter and prevent heatstroke in summer. 3 Professional training, control instincts","hip dysplasia, skin problems, heat stroke",hound,medium,2,2,5,Yes
Bengalhound,Bengal Hound,"Bengal hounds, slender in size, short fur, lively and agile in character.",Bangladesh,12-15 years,18-25Kg,55-65cm,"Lively, sharp, loyal",1. 2 hours of exercise per day; 2-Brush the coat once a week. 3 Focus on social training and adapt to the family,"hip dysplasia, patellar dislocation, skin allergies",hound,medium,3,2,5,Yes
Burmese Hound,Burmese Hound,"Burmese hound, medium-sized, short-haired, gentle and loyal.",Myanmar,12-15 years,18-25Kg,50-58cm,"Docile, loyal, lively","1. 1.5 hours of exercise per day; 2-Brush the coat once a week. 3. Eat light, prevent tear stains","Poor hip development, eye disease, gastrointestinal sensitivity",hound,medium,3,2,4,Yes
Thai Hound,Thai Hound,"The ancient Thai hunting dog has a short coat and a gentle and agile personality, suitable for family breeding.",Thailand,12-15 years,15-20Kg,48-55cm,"Docile, smart, loyal","1. 1.5 hours of exercise per day; 2-Brush the coat once a week. 3. Adapt to tropical climate, heatstroke prevention and cooling","hip dysplasia, heat stroke, skin allergies",hound,medium,3,2,4,Yes
Malaysian Hound,Malaysian Hound,"Malaysian hound, short fur, lively and heat-resistant, adaptable to rainforest environments.",Malaysia,12-15 years,15-20Kg,48-55cm,"Lively, heat-resistant, loyal","1. Exercise for 1.5 hours a day and avoid high temperatures. 2-Regular deworming to prevent parasites. 3. Food moisture-proof, prevent spoilage","Parasitic infections, heatstroke, gastrointestinal problems",hound,medium,3,2,4,Yes
Singapore Hound,Singapore Hound,"The Singaporean small hunting dog has a short coat and a gentle and agile personality, suitable for urban breeding.",Singapore,12-15 years,8-12Kg,35-42cm,"Docile, clever, lively","1. 1 hour of exercise per day; 2-Brush the coat once a week. 3 Focus on training, correcting love calls","Patellar dislocation, eye disease, gastrointestinal sensitivity",hound,small,4,2,3,Yes
Indonesian Hound,Indonesian Hound,"Indonesian hound, short fur, lively and agile personality, adapted to tropical environments.",Indonesia,12-15 years,15-20Kg,48-55cm,"Lively, agile, heat-resistant",1. 1.5 hours of exercise per day; 2-Regular deworming to prevent skin diseases; 3 .Replenish sufficient water,"Skin disease, heat stroke, hip dysplasia",hound,medium,3,2,4,Yes
Philippine Hound,Philippine Hound,"The Philippine Hound has a short coat and a gentle and loyal personality, suitable for family breeding.",The Philippines,12-15 years,15-20Kg,48-55cm,"Docile, loyal, lively",1. 1.5 hours of exercise per day; 2-Brush the coat once a week. 3 Regularly clean the ear canal to prevent infection,"hip dysplasia, ear infections, skin allergies",hound,medium,3,2,4,Yes
Australian Wild Dogs,Dingo,"Australian native wild dog, with short fur, independent and fierce personality, is a wild dog breed.",Australia,12-15 years,10-20Kg,44-63cm,"independent, fierce, and clever","1. Private breeding is prohibited and belongs to the protected dog breed. 2-Survival in the wild, not suitable for families; 3 The hunting instinct is very strong and aggressive","hip dysplasia, wild injuries, parasitic infections",hound,medium,1,2,5,No
New Guinea Singing Dog,New Guinea Singing Dog,"Ancient breed of dog in New Guinea, with a unique call, independent and agile personality, a wild breed.",New Guinea,12-16 years,9-14Kg,35-45cm,"Independent, smart, unique","1. Private breeding is prohibited, and rare dog breeds are protected. 2-Living in groups in the wild, not suitable for families; 3. sensitive personality, no artificial domestication","hip dysplasia, wild injuries, parasitic infections",NON-sporting,small,1,2,4,No
African Wild Dogs,African Wild Dog,"African wild dog breed, with colorful coats, living in groups, fierce character, and strong hunting ability.",Africa,10-12 years,18-36Kg,60-75cm,"Fierce, sociable, clever","1. Wild animals are prohibited from being kept; 2-Endangered protected animals, protected by law; 3 Strong aggressiveness, not suitable for domestication","Wild injuries, infectious diseases, habitat destruction",hound,large,1,3,5,No
Australian Bulldog (blue),Australian Cattle Dog (Blue),"The blue variant of the Australian Bulldog has a blue-gray fur, a tough personality, and is good at driving herds.",Australia,12-16 years,15-22Kg,43-51cm,"Tough, smart, alert",1.-2.5 hours of high-intensity exercise per day; 2-Obedience training from an early age to avoid biting the heels. 3. Regular hearing check to prevent hearing loss,"hip dysplasia, progressive retinal atrophy, deafness",herding,medium,4,2,5,Yes
Australian Bulldog (red),Australian Cattle Dog (Red),The red fur variant has a similar personality to the blue variant and is more lively.,Australia,12-16 years,15-22Kg,43-51cm,"Lively, loyal, agile",1. Provide intellectual toys to prevent boredom from dismantling homes; 2-Brush short coats once a week. 3 Avoid being alone for long periods of time to prevent anxiety,"hip dysplasia, cataracts, skin allergies",herding,medium,4,2,5,Yes
Australian Kalby Dog,Australian Kelpie,"Australian Shepherds, medium-sized, short fur, intelligent and agile personality, are top-notch sheepdogs.",Australia,12-15 years,11-20Kg,41-51cm,"Smart, quick, loyal","1. 3 hours of exercise per day, suitable for sheep herding training; 2-Brush the coat once a week. 3 Focus on intellectual training and give full play to talents","hip dysplasia, eye disease, thyroid disease",herding,medium,5,2,5,Yes
New Zealand sheepdog,New Zealand Heading Dog,"The sheepdog bred in New Zealand is of medium size, intelligent in character, and good at driving sheep.",New Zealand,12-15 years,14-20Kg,43-56cm,"Smart, loyal, quick","1. 2. 5 hours of exercise per day; 2-Brush the coat once a week. 3 Early socialization, adaptation to the family","hip dysplasia, patellar dislocation, eye disease",herding,medium,5,2,5,Yes
Welsh Corgi (Cardigan),Cardigan Welsh Corgi,"The original Corgi species has a long tail, slightly larger body size, and a more stable personality.",Wales,12-15 years,11-17Kg,25-33cm,"Steady, loyal, smart",1. Exercise for 1.5 hours a day and avoid climbing stairs. 2-Control weight and protect the lumbar spine. 3 Regularly check the spinal cord to prevent degenerative diseases,"Degenerative myelopathy, hip dysplasia, eye diseases",herding,medium,4,3,3,Yes
Pembroke Welsh Corgi (Tricolor),Pembroke Welsh Corgi (Tricolor),"The tricolor corgi is a lively and family-like character, and is the most popular variant of the corgi.",Wales,12-15 years,10-14Kg,25-30cm,"Lively, family, smart",1. Exercise for 1.5 hours a day to avoid obesity; 2-Brush the coat twice a week. 3 Use positive motivation during training,"hip dysplasia, degenerative myelopathy, obesity",herding,medium,4,3,3,Yes
Pembroke Welsh Corgi (red and white),Pembroke Welsh Corgi (Red & White),"Red and white fur corgi, gentle and clingy personality, suitable for family breeding.",Wales,12-15 years,10-14Kg,25-30cm,"Docile, clingy, lively",1. Avoid high-altitude jumps and protect joints; 2-Regularly brushing teeth to prevent periodontal disease. 3. Provide a comfortable rest environment,"Poor hip development, eye disease, heart problems",herding,medium,4,3,3,Yes
Icelandic sheepdog,Icelandic Sheepdog,"The only native breed of dog in Iceland, with a medium size, dense fur, and a lively and friendly personality.",Iceland,12-16 years,9-14Kg,33-41cm,"Lively, family, loyal",1. 1.5 hours of exercise per day; 2-Brush the thick coat three times a week. 3. Adapt to the cold and prevent heatstroke in summer,"hip dysplasia, cataracts, thyroid disease",herding,small,4,4,3,Yes
Finnish laphound,Finnish Lapphund,"Finnish sheepdogs have thick fur, gentle temperament, and are good at herding reindeer.",Finland,12-15 years,15-24Kg,41-52cm,"Docile, lively, loyal",1. 2 hours of exercise per day; 2-Brush the coat three times a week. 3 Focus on social training and avoid being timid,"hip dysplasia, progressive retinal atrophy, epilepsy",herding,medium,4,4,4,Yes
Swedish Rapp Hound,Swedish Lapphund,"Swedish Shepherd, similar to the Finnish laphound, with slightly shorter fur and more alert personality.",Sweden,12-15 years,15-23Kg,40-51cm,"Vigilance, intelligence, loyalty","1. 2 hours of exercise per day; 2-Brush the coat twice a week. 3 Early socialization, adaptation to strangers","hip dysplasia, eye diseases, skin allergies",herding,medium,4,3,4,Yes
Norwegian Buhad Dog,Norwegian Buhund,"Norwegian Shepherd, medium-sized, coarse and hard fur, lively and brave personality.",Norway,12-15 years,12-18Kg,41-46cm,"Lively, brave, loyal",1. 2 hours of exercise per day; 2-Brush the coarse and hard coat twice a week. 3 .Strict training to avoid over-guarding,"hip dysplasia, cataracts, thyroid disease",herding,medium,4,3,4,Yes
Polish lowland sheepdog,Polish Lowland Sheepdog,"Polish sheepdog, with long and curly fur, intelligent and gentle personality.",Poland,12-15 years,14-16Kg,41-51cm,"Smart, docile, loyal",1. 2 hours of exercise per day; 2-Brush the curled coat 4 times a week. 3 Regularly trim hair to prevent knotting,"hip dysplasia, eye disease, skin fungal infection",herding,medium,4,5,4,Yes
Portuguese sheepdog,Portuguese Sheepdog,"Portuguese Shepherd, with long and disheveled fur, lively and intelligent personality.",Portugal,12-15 years,12-18Kg,41-56cm,"Lively, smart, family",1. 2 hours of exercise per day; 2-Brush the coat three times a week. 3 Give enough attention to avoid boredom,"hip dysplasia, cataracts, thyroid disease",herding,medium,4,4,4,Yes
Spanish sheepdog,Spanish Water Dog,"Spanish water dog, with curly fur, is good at swimming and shepherding, and has a lively personality.",Spain,12-14 years,14-20Kg,40-50cm,"Lively, smart, loyal","1. 2 hours of exercise daily, including swimming; 2-Regularly trim the curled coat; 3 Use a positive approach in training","hip dysplasia, cataracts, skin allergies",herding,medium,4,3,5,Yes
Catalan sheepdog,Catalan Sheepdog,"Spanish Catalan Shepherd, with long and coarse fur, and a brave and intelligent personality.",Spain,12-14 years,17-20Kg,45-55cm,"Brave, smart, loyal","1. 2.5 hours of exercise per day; 2-Brush the coat three times a week. 3 Early socialization, adaptation to the family","hip dysplasia, eye diseases, skin problems",herding,medium,4,4,5,Yes
Marley sheepdog,Maremma Sheepdog,"Italian large sheepdog, with thick white fur, calm and protective nature, guarding the sheep.",Italy,10-13 years,35-45Kg,60-73cm,"Steady, Protector, Loyalty","1. 1.5 hours of exercise per day; 2-Brush the white coat three times a week. 3 Large space for breeding, not suitable for apartment","Poor hip joint development, poor elbow development, gastric torsion",working,large,2,5,3,No
Kuvaz dog,Kuvasz,"Hungarian large guard dog with white fur, brave and loyal personality, guarding livestock.",Hungary,10-12 years,30-52Kg,66-76cm,"Brave, loyal, vigilant",1. 2 hours of exercise per day; 2-Brush the coat three times a week. 3 Strict training to establish obedience,"hip dysplasia, elbow dysplasia, thyroid disease",working,large,3,4,4,No
Big Pyrenees,Great Pyrenees,"The French large sheepdog has a dense white coat and a gentle and protective nature, making it an excellent guard dog.",France,10-12 years,38-54Kg,63-81cm,"Docile, protective, calm","1. 1.5 hours of exercise per day; 2-Brush the thick coat 4 times a week. 3 May bark at night, need training","Poor hip development, poor elbow development, skin problems",working,large,2,5,3,Yes
Bourne Mountain Dog (Tricolor),Bernese Mountain Dog,"Swiss large dog with black, brown, and white coat, gentle and friendly personality, is an excellent family companion dog.",Switzerland,6-Eight years,36-50Kg,58-70cm,"Docile, family, loyal","1. Exercise for 1.5 hours a day, avoid strenuous exercise; 2-Brush the coat three times a week. 3. Regularly check for cancer, which is a high incidence","hip dysplasia, elbow dysplasia, cancer",working,large,4,3,4,Yes
Appenzell Mountain Dog,Appenzeller Sennenhund,"Swiss mountain dog, medium-sized, short fur, lively and brave personality.",Switzerland,12-14 years,22-32Kg,50-58cm,"Lively, brave, loyal",1. 2 hours of exercise per day; 2-Brush the coat once a week. 3. Emphasize obedience training and standardize behavior,"Poor hip joint development, poor elbow development, eye disease",working,medium,4,2,4,Yes
Entrebuhe Mountain Dog,Entlebucher Mountain Dog,"The smallest mountain dog in Switzerland, with a short coat and a smart and lively personality.",Switzerland,11-15 years,20-30Kg,42-52cm,"Smart, lively, loyal","1. 2 hours of exercise per day; 2-Brush the coat once a week. 3 Early socialization, adaptation to the family","hip dysplasia, cataracts, thyroid disease",working,medium,4,2,4,Yes
Swiss Mountain Dog,Greater Swiss Mountain Dog,"The largest mountain dog in Switzerland, with a large body, short fur, and a gentle and steady personality.",Switzerland,8-11 years,50-70Kg,60-74cm,"Docile, steady, loyal",1. 1.5 hours of exercise per day; 2-Brush the coat once a week. 3 Control weight and reduce joint pressure,"Poor hip joint development, poor elbow development, gastric torsion",working,large,3,2,3,Yes
Newfoundland Dog (Black),Newfoundland,"Canadian large water dog, with thick black fur, good at swimming rescue, and gentle personality.",Canada,8-Ten years,45-68Kg,66-71cm,"Docile, loyal, family","1. 2 hours of exercise daily, including swimming; 2-Brush the thick coat three times a week. 3 Regularly clean the ear canal to prevent infection","Poor hip development, poor elbow development, heart disease",working,large,3,4,4,Yes
Newfoundland dog (brown),Newfoundland (Brown),The brown fur variant has a similar personality to the black variant and is more unique.,Canada,8-Ten years,45-68Kg,66-71cm,"Docile, loyal, brave",1. 2 hours of exercise per day; 2-Brush the coat three times a week. 3 Avoid high temperatures and prevent heatstroke,"Poor hip development, poor elbow development, skin problems",working,large,3,4,4,Yes
Lansier dog,Landseer,"The Newfoundland dog is a black and white variant, with a black and white coat and a gentle and friendly personality.",Canada,8-Ten years,45-68Kg,66-71cm,"Docile, family, loyal","1. 2 hours of exercise per day, suitable for swimming; 2-Brush the coat three times a week. 3 Check the heart regularly to prevent diseases","hip dysplasia, heart disease, elbow dysplasia",working,large,3,4,4,Yes
Portuguese Water Dog (Black),Portuguese Water Dog,"Portuguese water dog, black curly fur, good at water work, lively and intelligent personality.",Portugal,10-14 years,16-27Kg,43-58cm,"Lively, smart, loyal","1. 2 hours of exercise per day, including swimming; 2 Regularly trim the curly hair; 3 Pay attention to intellectual training to prevent boredom","hip dysplasia, cataracts, thyroid disease",working,medium,4,3,5,Yes
Portuguese Water Dog (White),Portuguese Water Dog (White),The white fur variant has a similar personality to the black variant and is more elegant.,Portugal,10-14 years,16-27Kg,43-58cm,"Graceful, smart, lively",1. 2 hours of exercise per day; 2-Brush the coat twice a week. 3 Clean the skin regularly to prevent infection,"hip dysplasia, skin allergies, eye diseases",working,medium,4,3,5,Yes
Standard Schnauzer,Standard Schnauzer,"German medium-sized terrier, with coarse and hard fur, intelligent and alert personality, is an excellent guard dog.",Germany,12-15 years,14-20Kg,45-50cm,"Smart, vigilant, loyal",1. 1.5 hours of exercise per day; 2-Brush the coarse and hard coat twice a week and pluck it regularly. 3 Early socialization to avoid aggression,"hip dysplasia, cataracts, skin problems",terrier,medium,4,3,4,Yes
Giant Schnauzer,Giant Schnauzer,"German large terriers have a large body size, coarse and hard fur, and a brave and loyal personality. They are excellent working dogs.",Germany,10-12 years,25-45Kg,60-70cm,"Courage, loyalty, obedience",1. 2.5 hours of exercise per day; 2-Brush the coat twice a week and trim it regularly. 3 Strict training to establish obedience,"hip dysplasia, elbow dysplasia, thyroid disease",working,large,4,3,5,No
Mini Schnauzer (Salt and Pepper),Miniature Schnauzer (Salt & Pepper),"The most common variant of the mini Schnauzer, with salt and pepper-colored fur, has a lively and friendly personality.",Germany,12-15 years,4-8Kg,30-36cm,"Lively, family, smart",1. 1 hour of exercise per day; 2-Brush the coat twice a week and pluck it regularly. 3 Regularly clean the ear canal to prevent infection,"Pancreatitis, cataracts, skin allergies",terrier,small,4,2,3,Yes
Mini Schnauzer (Black),Miniature Schnauzer (Black),"The black fur variant has a similar personality to the salt and pepper variant, appearing more stable.",Germany,12-15 years,4-8Kg,30-36cm,"Steady, loyal, lively",1. 1 hour of exercise per day; 2-Brush the coat twice a week. 3. Eat a light diet to prevent pancreatitis,"Pancreatitis, eye diseases, skin problems",terrier,small,4,2,3,Yes
Mini Schnauzer (Silver Black),Miniature Schnauzer (Black & Silver),"Black and silver fur variant, lively and agile personality, suitable for family breeding.",Germany,12-15 years,4-8Kg,30-36cm,"Smart, lively, loyal",1. 1 hour of exercise per day; 2-Brush the coat twice a week. 3 Regular brushing to prevent periodontal disease,"Pancreatitis, cataracts, dental problems",terrier,small,4,2,3,Yes
Universal stem,Airedale Terrier,"The largest breed of terrier, with coarse and hard fur, and a brave and intelligent personality, is a versatile working dog.",United Kingdom,10-13 years,20-29Kg,56-61cm,"Brave, smart, loyal",1. 2 hours of exercise per day; 2-Brush the coarse and hard coat twice a week. 3 Strict training to avoid stubbornness,"hip dysplasia, cataracts, skin allergies",terrier,large,4,3,4,Yes
Lake-side stem,Lakeland Terrier,"The United Kingdom terrier is small in size, with coarse and hard fur, and a lively and brave personality.",United Kingdom,12-16 years,7-8Kg,33-38cm,"Brave, lively, quick",1. 1.5 hours of exercise per day; 2-Brush the coat twice a week and pluck it regularly. 3 Correcting the mining out instinct,"Patellar dislocation, cataracts, skin allergies",terrier,small,4,3,4,Yes
Welsh terrier,Welsh Terrier,"The Welsh Terrier has a rough and hard coat, black-brown color scheme, and a lively and intelligent personality.",United Kingdom,12-15 years,9-10Kg,36-39cm,"Lively, smart, loyal",1. 1.5 hours of exercise per day; 2-Brush the coat twice a week. 3 Focus on social training and avoid being timid,"Patellar dislocation, cataract, thyroid disease",terrier,small,4,3,4,Yes
Irish terrier,Irish Terrier,"Irish terrier, with a rough red coat and a brave and lively personality.",Ireland,12-16 years,11-12Kg,45-50cm,"Brave, lively, loyal","1. 2 hours of exercise per day; 2-Brush the coat twice a week. 3 Early socialization, adaptation to the family","hip dysplasia, cataracts, skin allergies",terrier,medium,4,3,4,Yes
soft-haired wheat stem,Soft Coated Wheaten Terrier,"Irish terriers, with soft fur and a gentle personality, are suitable for family raising.",Ireland,12-15 years,13-16Kg,43-48cm,"Docile, family, smart",1. 1.5 hours of exercise per day; 2-Brush the soft hair three times a week to prevent knotting. 3 Regularly check the skin to prevent allergies,"Skin allergies, cataracts, kidney diseases",terrier,medium,4,3,3,Yes
Kelly Blue Terrier,Kerry Blue Terrier,"Irish terrier, blue fur, intelligent and loyal, is a versatile working dog.",Ireland,12-15 years,15-18Kg,45-50cm,"Smart, loyal, lively",1. 2 hours of exercise per day; 2-Brush the coat twice a week. 3 Pay attention to intellectual training to prevent boredom,"hip dysplasia, cataracts, thyroid disease",terrier,medium,4,3,4,Yes
Bellington terrier,Bedlington Terrier,"The United Kingdom terrier looks like a lamb, with soft fur and a lively and intelligent personality.",United Kingdom,11-16 years,8-10Kg,38-44cm,"Lively, smart, loyal",1. 1.5 hours of exercise per day; 2-Brush soft fur three times a week. 3. Regularly trim hair to maintain shape,"Copper poisoning, cataracts, kidney disease",terrier,small,4,3,3,Yes
Dandy Dingmon,Dandie Dinmont Terrier,"Scottish terriers have a unique appearance, soft fur, and a gentle and independent personality.",Scotland,12-15 years,8-11Kg,20-28cm,"independent, docile, brave",1. 1 hour of exercise per day; 2-Brush the coat three times a week. 3 Regularly check the spine to prevent injury,"disc herniation, patellar dislocation, eye disease",terrier,small,3,4,3,Yes
the Norwich Stalker,Norwich Terrier,"The United Kingdom terrier is small in size, with upright ears and a lively and brave personality.",United Kingdom,12-16 years,5-6Kg,24-26cm,"Lively, brave, loyal",1. 1 hour of exercise per day; 2-Brush the coat twice a week. 3 Avoid conflicts with large dogs,"Patellar dislocation, cataracts, skin allergies",terrier,small,4,3,3,Yes
Norfolk terrier,Norfolk Terrier,"The Norwich terrier is a close relative, with drooping ears and a more gentle personality, suitable for family breeding.",United Kingdom,12-16 years,5-6Kg,24-26cm,"Docile, lively, family",1. 1 hour of exercise per day; 2-Brush the coat twice a week. 3 Clean your ears regularly to prevent infection,"Patellar dislocation, ear infection, eye disease",terrier,small,4,3,3,Yes
border block,Border Terrier,"The United Kingdom terrier is small in size, with coarse and hard fur, and a lively and intelligent personality.",United Kingdom,12-15 years,5-7Kg,30-40cm,"Lively, smart, loyal",1. 1.5 hours of exercise per day; 2-Brush the coat twice a week. 3 Correcting mining out behavior,"Patellar dislocation, cataracts, skin allergies",terrier,small,4,3,4,Yes
Hunting fox terrier (haired),Wire Fox Terrier,"United Kingdom terrier, stiff-haired, lively and brave, good at fox hunting.",United Kingdom,12-15 years,7-8Kg,36-40cm,"Lively, brave, smart",1. 2 hours of exercise per day; 2-Brush the bristles twice a week and pluck them regularly. 3 .Strict training to avoid excessive barking,"hip dysplasia, cataracts, skin allergies",terrier,small,4,3,4,Yes
Fox hunting (short hair),Smooth Fox Terrier,Short-haired variants have a similar personality to stiff-haired variants and are easier to care for.,United Kingdom,12-15 years,7-8Kg,36-40cm,"Lively, brave, loyal","1. 2 hours of exercise per day; 2-Brush short hair once a week. 3 Early socialization, adaptation to the family","hip dysplasia, cataracts, thyroid disease",terrier,small,4,2,4,Yes
Jack Russell terrier (short hair),Jack Russell Terrier (Smooth),"Short-haired Jack Russell, lively and active personality, extremely energetic.",United Kingdom,13-16 years,5-8Kg,25-38cm,"Lively, active, smart",1. 3 hours of high-intensity exercise per day; 2-Brush short hair once a week. 3. Provide intellectual toys to prevent home dismantling,"Patellar dislocation, cataracts, skin allergies",terrier,small,5,2,5,Yes
Jack Russell terrier (haired),Jack Russell Terrier (Wire),"The bristled variant has a similar character to the short-haired variant, but the fur is thicker and harder.",United Kingdom,13-16 years,5-8Kg,25-38cm,"Lively, brave, loyal","1. 3 hours of exercise per day; 2 .Broom the bristles twice a week; 3 Strict training, standard behavior","Patellar dislocation, cataracts, skin problems",terrier,small,5,3,5,Yes
Parson Russell's,Parson Russell Terrier,"Jack Russell's improved variety, slightly larger in size, and more stable in character.",United Kingdom,12-15 years,6-8Kg,30-36cm,"Steady, lively, smart","1. 2.5 hours of exercise per day; 2-Brush the coat 1-2 times a week. 3 Early socialization, adaptation to the family","hip dysplasia, cataracts, skin allergies",terrier,small,5,2,4,Yes
Russell's stem,Russell Terrier,"The smallest Russell stem variety, small in size, lively and friendly in character.",United Kingdom,12-16 years,4-6Kg,20-28cm,"Lively, family, smart",1. 1.5 hours of exercise per day; 2-Brush the coat once a week. 3 Avoid high-altitude jumps and protect your joints,"Patellar dislocation, cataract, hypoglycemia",terrier,small,4,2,3,Yes
Staffordshire Bull Terrier,Staffordshire Bull Terrier,"The United Kingdom terrier, medium-sized, short-haired, and gentle, is known as the ""nanny dog.""",United Kingdom,12-14 years,11-17Kg,36-41cm,"Meek, family, brave",1. 2 hours of exercise per day; 2-Brush short hair once a week. 3 Early socialization to avoid misconceptions about aggression,"hip dysplasia, cataracts, skin allergies",terrier,medium,4,2,4,Yes
United States Staffordshire Terrier,American Staffordshire Terrier,The American-bred Staffordshire terrier has a thicker body and a more lively personality.,United States,12-16 years,18-32Kg,43-48cm,"Lively, loyal, brave","1. 2.5 hours of exercise per day; 2-Brush short hair once a week. 3 Strict training, standard behavior","hip dysplasia, cataracts, thyroid disease",terrier,medium,4,2,4,Yes
American Bull Fighter,American Pit Bull Terrier,"American terrier, medium-sized, short-haired, loyal and brave, often misunderstood as fierce.",United States,12-16 years,14-36Kg,43-53cm,"Loyalty, bravery, family","1. 3 hours of exercise per day; 2-Brush short hair once a week. 3 Early socialization, correct guidance","hip dysplasia, cataracts, skin allergies",terrier,medium,4,2,5,Yes
The Boston Terrier,Boston Terrier,"American terriers, black and white, have a lively personality and are known as ""American gentlemen"".",United States,11-13 years,4-11Kg,30-43cm,"Lively, family, smart","1. Exercise for 1 hour every day, avoid strenuous exercise; 2-Brush short hair once a week. 3 Pay attention to heat dissipation and prevent heatstroke","Short nose syndrome, patellar dislocation, eye disease",NON-sporting,small,4,2,2,Yes
French Bulldog (blue),French Bulldog (Blue),"A rare variant of the Fadou, with a blue coat and a gentle and clingy personality.",France,10-12 years,8-14Kg,27-35cm,"Docile, clingy, quiet",1. 30 minutes of light exercise per day; 2-Brush short hair once a week. 3 Regularly clean skin folds,"Short nose syndrome, skin infection, hip dysplasia",NON-sporting,small,3,2,2,Yes
French Bulldog (striped),French Bulldog (Pied),"The flower-striped fur variant has a lively and friendly personality, and is the most popular variant of the French fighting.",France,10-12 years,8-14Kg,27-35cm,"Lively, family, docile",1. Avoid high-temperature environments to prevent heatstroke; 2 Regularly clean facial wrinkles; 3 Control diet to prevent obesity,"Short nose syndrome, eye disease, heart problems",NON-sporting,small,3,2,2,Yes
British Bulldog (tiger spot),English Bulldog (Brindle),"The tiger is covered with a hairy, stable and loyal personality, suitable for family breeding.",United Kingdom,8-Ten years,18-25Kg,31-40cm,"Stable, loyal, docile",1. 30-minute walk every day; 2-Brush short hair once a week. 3 Regularly clean skin folds,"Short nose syndrome, hip dysplasia, skin infection",NON-sporting,medium,2,2,2,Yes
British Bulldog (white),English Bulldog (White),"The white fur variant has a similar personality to the tiger-spotted variant, making it more elegant.",United Kingdom,8-Ten years,18-25Kg,31-40cm,"Graceful, gentle, loyal",1. Avoid vigorous exercise to prevent hypoxia; 2-Regular eye check-ups to prevent diseases; 3 Keep warm in winter and prevent heat in summer,"Short nose syndrome, deafness, skin problems",NON-sporting,medium,2,2,2,Yes
Pugs (Black),Pug (Black),"The Pug is a black variant, with a gentle and clingy personality and many facial wrinkles.",China,12-15 years,6-8Kg,25-28cm,"Docile, clingy, lively",1. 30 minutes of light exercise per day; 2. Cleans facial wrinkles daily; 3 Control weight and prevent obesity,"Short nose syndrome, skin infection, eye disease",toy,small,3,2,2,Yes
Pugs (yellow brown),Pug (Fawn),"The yellow-brown fur variant is the most common Pugs, with a lively and friendly personality.",China,12-15 years,6-8Kg,25-28cm,"Lively, family, docile",1. Avoid high-temperature environments to prevent heatstroke; 2-Regularly clean the ear canal to prevent infection. 3 Eat light and prevent tear stains,"Short nose syndrome, tear stains, hip dysplasia",toy,small,3,2,2,Yes
Chinese Sharpi Dog (Bone Beak),Chinese Shar-Pei (Bone Mouth),"The original breed of the Sharpi dog has a pointed mouth, fewer skin wrinkles, and a braver personality.",China,10-12 years,16-25Kg,46-51cm,"Brave, loyal, vigilant",1. 1 hour of exercise per day; 2-Brush short hair once a week. 3 Clean the skin regularly to prevent infection,"Skin infection, hip dysplasia, eyelid inversion",NON-sporting,medium,2,2,3,No
Chinese Sharpi Dog (meat mouth),Chinese Shar-Pei (Meat Mouth),Modern-bred Sharpi dogs have more skin wrinkles and a more gentle personality.,China,8-Ten years,18-27Kg,46-51cm,"Docile, loyal, independent",1. 1 hour of exercise per day; 2. Clean skin wrinkles daily; 3. Regularly check your eyes to prevent inversion of the eyelids,"Skin infection, eyelid inversion, hip dysplasia",NON-sporting,medium,2,2,2,No
Pine Lion Dog (red),Chow Chow (Red),The most common variant of the Pine Lion Dog has a red coat and a stable and independent personality.,China,9-15 years,20-32Kg,46-56cm,"Steady, independent, loyal",1. 1.5 hours of exercise per day; 2-Brush the thick coat three times a week. 3 Early socialization to avoid apathy,"hip dysplasia, thyroid disease, eye disease",NON-sporting,medium,2,5,3,No
Pine Lion Dog (Cream),Chow Chow (Cream),The cream-colored fur variant has a similar personality to the red variant and appears more gentle.,China,9-15 years,20-32Kg,46-56cm,"Docile, loyal, independent",1. 1.5 hours of exercise per day; 2-Brush the white coat 4 times a week. 3 Pay attention to skin care and prevent infection,"hip dysplasia, skin allergies, thyroid disease",NON-sporting,medium,2,5,3,No
Akita dog (red),Akita (Red),"The most common variant of the Japanese Akita dog, with a red coat and a loyal and brave personality.",Japan,10-13 years,34-54Kg,61-71cm,"Loyalty, bravery, vigilance",1. 2 hours of exercise per day; 2-Brush the coat twice a week. 3 .Strict training to avoid aggression,"hip dysplasia, thyroid disease, progressive retinal atrophy",working,large,3,4,4,No
Akita Dog (White),Akita (White),The white fur variant has a similar personality to the red variant and is more elegant.,Japan,10-13 years,34-54Kg,61-71cm,"Graceful, loyal, steady","1. 2 hours of exercise per day; 2-Brush the white coat twice a week. 3 Early socialization, adaptation to the family","Poor hip development, poor elbow development, skin problems",working,large,3,4,4,No
Shiba Inu (Achishiba),Shiba Inu (Red),The most common variant of Shiba Inu has a red coat and a lively and independent personality.,Japan,12-15 years,6-10Kg,35-41cm,"Lively, independent, loyal",1. 1.5 hours of exercise per day; 2-Brush the coat 1-2 times a week. 3 Use positive methods in training to avoid stubbornness,"hip dysplasia, cataracts, thyroid disease",NON-sporting,small,3,3,3,Yes
Shiba Inu (Black Shiba),Shiba Inu (Black & Tan),"Black-brown Shiba Inu, with a similar personality to Red Shiba, appears more stable.",Japan,12-15 years,6-10Kg,35-41cm,"Steady, loyal, lively",1. 1.5 hours of exercise per day; 2-Brush the coat 1-2 times a week. 3 Regularly check the skin to prevent allergies,"hip dysplasia, skin allergies, eye diseases",NON-sporting,small,3,3,3,Yes
Shiba Inu (White Shiba),Shiba Inu (White),"White-coated Shiba Inu, with a gentle personality and a relatively small number of relatives.",Japan,12-15 years,6-10Kg,35-41cm,"Docile, family, lively",1. 1.5 hours of exercise per day; 2-Brush the white coat once a week. 3 Pay attention to sun protection and protect the skin,"hip dysplasia, cataracts, skin problems",NON-sporting,small,3,3,3,Yes
The Hokkaido Dog,Hokkaido,"Japanese native dog, medium size, thick fur, brave and loyal personality.",Japan,12-15 years,20-30Kg,45-55cm,"Brave, loyal, vigilant",1. 2 hours of exercise per day; 2-Brush the thick coat twice a week. 3. Adapt to the cold and prevent heatstroke in summer,"hip dysplasia, cataracts, thyroid disease",working,medium,3,4,4,No
A-fi dog,Kai Ken,"Japanese native dog, tiger-striped fur, brave and independent personality, good at hunting.",Japan,12-15 years,11-18Kg,46-58cm,"Brave, independent, loyal",1. 2 hours of exercise per day; 2-Brush the coat once a week. 3 Strict training to establish obedience,"hip dysplasia, eye diseases, skin problems",hound,medium,3,2,4,No
Jizhou Dog,Kishu Ken,"Japanese native dog, white coat, steady and loyal personality, good at hunting.",Japan,12-15 years,14-27Kg,43-55cm,"Steady, loyal, brave","1. 2 hours of exercise per day; 2-Brush the coat once a week. 3 Early socialization, adaptation to the family","hip dysplasia, cataracts, thyroid disease",hound,medium,3,2,4,No
Four-country dog,Shikoku,"Japanese native dog, sesame-colored fur, lively and brave personality, good at hunting.",Japan,12-15 years,15-20Kg,46-52cm,"Lively, brave, loyal",1. 2 hours of exercise per day; 2-Brush the coat once a week. 3 Focus on social training and avoid being timid,"hip dysplasia, eye diseases, skin allergies",hound,medium,3,2,4,No
Chihuahua (short hair),Chihuahua (Smooth Coat),"The smallest dog breed in the world, short hair, lively and clingy personality.",Mexico,12-20 years,1-3Kg,15-23cm,"Lively, clingy, brave",1. 30 minutes of light exercise per day; 2-Brush short hair once a week. 3 Keep warm and avoid cold,"Patellar dislocation, tracheal collapse, hypoglycemia",toy,small,3,1,1,No
Chihuahua (long hair),Chihuahua (Long Coat),"The long-haired variant has a soft coat and a similar personality to the short-haired variant, making it more elegant.",Mexico,12-20 years,1-3Kg,15-23cm,"Graceful, clingy, lively",1. 30 minutes of exercise per day; 2-Brush the long hair three times a week to prevent knotting. 3. Avoid falling from heights and protect your body,"Patellar dislocation, cataract, hypoglycemia",toy,small,3,3,1,No
Yorkshire Terrier (Gold),Yorkshire Terrier (Golden),"Golden coat Yorkshire, lively and clingy personality, cute appearance.",United Kingdom,12-15 years,2-3Kg,20-23cm,"Lively, clingy, smart",1. 30 minutes of indoor exercise every day; 2-Daily grooming of long hair to prevent knotting. 3. Regularly trim hair for easy care,"Patellar dislocation, tracheal collapse, periodontal disease",terrier,small,4,5,2,Yes
Yorkshire terrier (steel blue),Yorkshire Terrier (Steel Blue),The steel blue and gold color scheme is the standard Yorkshire wool color.,United Kingdom,12-15 years,2-3Kg,20-23cm,"Smart, lively, loyal",1. 30 minutes of exercise every day; 2-Wipe the eyes daily to prevent tear stains. 3 Regularly clean the ear canal to prevent infection,"Patellar dislocation, tear marks, skin allergies",terrier,small,4,5,2,Yes
Maltese dog,Maltese,"Maltese small toy dog, with a snow-white and silky fur, and a gentle and elegant personality.",Malta,12-15 years,2-4Kg,20-25cm,"Graceful, docile, clingy",1. 30 minutes of indoor interaction every day; 2-Brush the coat daily to keep it white. 3 Regularly trim hair to prevent knotting,"Patellar dislocation, tracheal collapse, tear marks",toy,small,4,1,1,Yes
Shih Dog (Tricolor),Shih Tzu (Tricolor),The tricolor-coated Shih Dog has a gentle and friendly personality and a gorgeous appearance.,China,12-14 years,4-7Kg,23-27cm,"Docile, family, lively",1. 30 minutes of light exercise per day; 2-Daily grooming to prevent knotting. 3 Clean the face regularly to prevent tear stains,"Patellar dislocation, dacryocystitis, kidney disease",toy,small,3,5,2,Yes
Shih Dog (Gold),Shih Tzu (Gold),"The golden fur variant has a similar personality to the tricolor variant, making it more noble.",China,12-14 years,4-7Kg,23-27cm,"Nobility, meekness, loyalty",1. 30 minutes of exercise per day; 2-Brush the coat three times a week. 3 Eat light and prevent tear stains,"Patellar dislocation, eye disease, skin allergies",toy,small,3,5,2,Yes
Lasa Dog,Lhasa Apso,"Xizang is an ancient breed of dog, with thick and long fur, and an independent and vigilant personality.",China Xizang,12-15 years,6-8Kg,25-28cm,"independence, vigilance, loyalty",1. 30-minute walk every day; 2-Brush long hair four times a week to prevent knotting. 3 Pay attention to obedience training and correct stubbornness,"Poor hip development, eye disease, kidney problems",NON-sporting,small,3,5,2,Yes
The Xizang stem,Xizang Terrier,"The Xizang terrier, with thick fur and gentle personality, is a temple companion dog.",China Xizang,12-15 years,8-14Kg,35-41cm,"Docile, family, smart",1. 1 hour of exercise per day; 2-Brush the thick coat three times a week. 3 Regularly trim your hair to keep it clean,"hip dysplasia, cataracts, skin allergies",NON-sporting,small,4,4,3,Yes
The Xizang Hound,Xizang Spaniel,"Xizang is a small dog with a lively and clever personality, and is a companion dog in the temple.",China Xizang,12-15 years,4-7Kg,25-28cm,"Smart, lively, loyal",1. 30 minutes of exercise per day; 2-Brush the coat twice a week. 3 Pay attention to social training and avoid being timid,"Patellar dislocation, cataract, eye disease",toy,small,4,3,2,Yes
Beijing Dog (Jingba),Pekingese,"Ancient Chinese court dog, with a flat face and a proud and loyal personality.",China,12-15 years,3-6Kg,15-23cm,"proud, loyal, independent",1. Avoid vigorous exercise to prevent heatstroke; 2. Cleans facial wrinkles daily; 3 Control weight and reduce joint pressure,"Short nose syndrome, patellar dislocation, heart disease",toy,small,2,4,1,No
Japan,Japanese Chin,"An ancient Japanese toy dog, with an elegant and proud personality, resembling a Jingba.",Japan,12-15 years,2-4Kg,20-27cm,"Elegance, pride, and cleverness",1. 30 minutes of light exercise per day; 2-Avoid vigorous exercise to prevent hypoxia. 3 Clean the face regularly to prevent tear stains,"Patellar dislocation, tracheal collapse, eye disease",toy,small,3,2,1,No
King Charles Beagle (Tricolor),Cavalier King Charles Spaniel (Tricolor),"Three-color fur variant, gentle and clingy personality, is an excellent companion dog.",United Kingdom,10-14 years,5-8Kg,30-33cm,"Docile, clingy, cheerful",1. 1 hour of light exercise per day; 2-Regularly check the heart to prevent genetic diseases. 3 Eat light and prevent ear infections,"Mitral heart disease, patellar dislocation, eye disease",toy,small,5,2,3,Yes
King Charles Beagle (Blenheim),Cavalier King Charles Spaniel (Blenheim),Blenheim (brown-white) is the most common color of the King Charles Beagle.,United Kingdom,10-14 years,5-8Kg,30-33cm,"Cheerful, family, gentle","1. 1 hour of exercise per day; 2-Brush the coat once a week. 3. Regularly check the heart, which is a common disease of this species","Mitral heart disease, ear infection, cataracts",toy,small,5,2,3,Yes
United Kingdom Toy Sandpiper Dog,English Toy Spaniel,"United Kingdom small toy dog, quiet and gentle in character, small in size.",United Kingdom,10-14 years,4-6Kg,25-28cm,"quiet, docile, loyal",1. 30-minute walk every day; 2-Avoid high-temperature environments to prevent heatstroke. 3 Regularly clean the ear canal to prevent infection,"Short nose syndrome, patellar dislocation, heart disease",toy,small,4,2,2,Yes
Brussels Griffin Dog (Brigid),Brussels Griffon (Wirehaired),The hairy variant has a unique beard on the face and a playful appearance.,Belgium,12-15 years,3-6Kg,18-22cm,"Smart, clingy, lively",1. 30 minutes of light exercise per day; 2 .Broom the bristles twice a week; 3 Puppies pay attention to low blood sugar,"Patellar dislocation, tracheal collapse, eye disease",toy,small,4,2,2,Yes
Brussels Griffin (short hair),Brussels Griffon (Smooth),Short-haired variants have a similar personality to stiff-haired variants and are easier to care for.,Belgium,12-15 years,3-6Kg,18-22cm,"Lively, family, smart",1. 30 minutes of exercise every day; 2-Brush short hair once a week. 3 Avoid high-altitude jumps and protect your joints,"Patellar dislocation, cataracts, skin allergies",toy,small,4,1,2,Yes
Habana Dog,Havanese,Cuba small toy dog with soft and fluffy fur and a clingy personality.,Cuba,14-16 years,3-7Kg,20-28cm,"Docile, clingy, cheerful",1. 30 minutes of daily interactive exercise; 2-Brush long hair three times a week to prevent tangling. 3 Regularly clean the ear canal to prevent infection,"Patellar dislocation, cataracts, skin allergies",toy,small,5,3,2,Yes
The Enrique Bologna Dog,Bolognese,"Italian ancient toy dog, with pure white and fluffy fur, quiet and gentle personality.",Italy,12-14 years,3-6Kg,25-30cm,"quiet, loyal, docile","1. 20 to 30 minutes of light exercise per day; 2-Brush the coat three times a week to keep it white. 3. Eat light, prevent tear stains","Patellar dislocation, dacryocystitis, joint dysplasia",toy,small,4,2,1,Yes
butterfly dog,Papillon,"A small French toy dog with ears like butterfly wings, and a lively and intelligent personality.",France,12-16 years,3-5Kg,20-28cm,"Lively, smart, loyal","1. 1 hour of exercise per day; 2-Brush the coat twice a week. 3. Use positive methods during training, strong learning ability","Patellar dislocation, cataracts, skin allergies",toy,small,5,2,3,Yes
Butterfly dog (dropping ears),Phalene,"The butterfly dog has a similar personality to the upright-eared variant, and is more gentle.",France,12-16 years,3-5Kg,20-28cm,"Docile, lively, smart",1. 1 hour of exercise per day; 2-Brush the coat twice a week. 3 Clean your ears regularly to prevent infection,"Patellar dislocation, ear infection, eye disease",toy,small,5,2,3,Yes
Pomeranian (orange),Pomeranian (Orange),"The most common Pomeranian fur color, lively and active personality, and cute appearance.",Germany,12-16 years,1.5-3.5Kg,18-22cm,"Lively, active, clingy","1. 30 minutes of light exercise per day; 2-Brush the thick coat twice a week. 3 Pay attention to heart health, this species is prone to heart disease","Heart disease, patellar dislocation, tracheal collapse",toy,small,3,4,2,Yes
Pomeranian (white),Pomeranian (White),The white fur variant has a similar personality to the orange variant and is more elegant.,Germany,12-16 years,1.5-3.5Kg,18-22cm,"Graceful, clingy, lively",1. 30 minutes of exercise every day; 2-Brush the white coat three times a week. 3. Regularly trim hair to maintain shape,"Heart disease, cataracts, skin allergies",toy,small,3,4,2,Yes
Pomeranian (Black),Pomeranian (Black),"Black fur variant, calm personality, few in number.",Germany,12-16 years,1.5-3.5Kg,18-22cm,"Steady, loyal, lively",1. 30 minutes of exercise per day; 2-Brush the coat twice a week. 3 Pay attention to sun protection and protect the skin,"Heart disease, patellar dislocation, skin problems",toy,small,3,4,2,Yes
silver fox dog,Japanese Spitz,"Japanese small dog, with thick snow-white fur, lively and affectionate personality.",Japan,10-14 years,5-10Kg,30-38cm,"Lively, family, loyal",1. 1 hour of exercise per day; 2-Brush the thick coat three times a week. 3 Regularly clean the ear canal to prevent infection,"hip dysplasia, cataracts, skin allergies",NON-sporting,small,3,4,3,Yes
American Eskimo Dog (toy type),American Eskimo Dog (Toy),"The smallest American Eskimo dog, with a cute and clingy personality.",United States,12-15 years,2.5-4.5Kg,23-30cm,"Sticky, lively, smart",1. 30 minutes of exercise per day; 2-Brush the coat twice a week. 3 Give enough attention to avoid separation anxiety,"Patellar dislocation, cataracts, dental problems",NON-sporting,small,4,4,2,Yes
Curly-haired Bichon,Bichon Frise,A small French toy dog with a curly white coat and a gentle and lively personality.,France,12-15 years,3-5Kg,23-30cm,"Docile, lively, family",1. 1 hour of exercise per day; 2 .Broom the curly coat twice a week; 3. Regularly trim hair to maintain shape,"Patellar dislocation, cataracts, skin allergies",toy,small,4,1,2,Yes
Cotton Veil Dog,Coton de Tulear,"Madagascar small dog, with a soft coat like cotton, and a gentle and friendly personality.",Madagascar,14-16 years,4-6Kg,25-30cm,"Docile, family, lively",1. 1 hour of exercise per day; 2-Brush soft fur three times a week. 3 Clean your eyes regularly to prevent tear stains,"Patellar dislocation, cataracts, skin allergies",toy,small,4,3,2,Yes
Roqin Dog,Lowchen,"German small toy dog with long and soft fur, lively and intelligent personality.",Germany,12-14 years,4-8Kg,25-33cm,"Lively, smart, loyal",1. 1 hour of exercise per day; 2 .Broom long hair three times a week; 3. Regularly trim hair to maintain a unique look,"Patellar dislocation, cataracts, skin allergies",toy,small,4,4,3,Yes
Monkey-faced dog,Affenpinscher,A small German terrier toy dog with a monkey-like face and a lively and clever personality.,Germany,12-15 years,3-4Kg,23-29cm,"Smart, lively, brave","1. 30 minutes of daily interactive exercise; 2-Brush the coat twice a week. 3 Correct the habit of calling love, focus on training","Patellar dislocation, periodontal disease, joint dysplasia",toy,small,4,2,3,Yes
silk hair stem,Silky Terrier,"The Australian small terrier has a silky and soft fur, and a lively and agile personality.",Australia,12-15 years,4-6Kg,23-26cm,"Smart, lively, loyal",1. 1 hour of light exercise per day; 2-Brush the silk coat three times a week. 3. Avoid conflicts with large dogs and protect yourself,"Patellar dislocation, hypoglycemia, skin allergies",terrier,small,4,1,3,Yes
The Australian Sterling,Australian Terrier,"Australian small terrier, with coarse and hard fur, lively and brave personality.",Australia,12-15 years,5-7Kg,25-28cm,"Lively, brave, loyal",1. 1.5 hours of exercise per day; 2-Brush the coarse and hard coat twice a week. 3 Early socialization to avoid timidity,"Patellar dislocation, cataracts, skin allergies",terrier,small,4,3,3,Yes
American hairless stem,American Hairless Terrier,"This is a hairless dog bred in the United States, with smooth skin and suitable for raising allergic individuals.",United States,12-16 years,5-8Kg,28-38cm,"Lively, family, clever",1. 30 minutes of light exercise per day; 2-Regularly apply skincare products to protect the skin. 3 Keep warm in winter and sun protection in summer,"Skin allergies, sunburn, and poor joint development",terrier,small,4,1,2,Yes
Peru Hairless Dog (small),Peruvian Inca Orchid (Small),"A small Peruvian hairless dog with a gentle and independent personality, suitable for apartment breeding.",Peru,12-16 years,4-8Kg,25-40cm,"Docile, independent, clever","1. 1 hour of exercise per day; 2-Sun protection and moisturizing for the skin, preventing damage; 3 Focus on social training and adapt to the environment","Sunburn, sensitive stomach, joint problems",NON-sporting,small,3,1,3,Yes
Mexican hairless dog (toy type),Xoloitzcuintli (Toy),The smallest Mexican hairless dog with a steady and loyal personality.,Mexico,13-17 years,4-8Kg,25-35cm,"Steady, loyal, independent","1. 30 minutes of exercise per day; 2-Skin cleansing and moisturizing, sun protection and anti-freeze; 3 Regularly check the heart to prevent diseases","Skin problems, heart disease, gastrointestinal sensitivity",NON-sporting,small,3,1,2,Yes
Chinese Crested Dog,Chinese Crested,Chinese hairless dogs have hair on their head and no hair on their bodies. They have a lively and friendly personality.,China,13-18 years,2-5Kg,23-33cm,"Lively, family, smart","1. 30 minutes of light exercise per day; 2-Sun protection and moisturizing for the skin, preventing damage; 3 Clean the skin regularly to prevent infection","Skin allergies, sunburn, tooth problems",toy,small,4,1,2,Yes
Chinese Crested Dog (Puff),Chinese Crested (Powderpuff),"The whole-body haired variant has a similar personality to the hairless variant, making it even more adorable.",China,13-18 years,2-5Kg,23-33cm,"Lovely, docile, lively",1. 30 minutes of exercise per day; 2-Brush the coat three times a week. 3 Regularly trim your hair to keep it clean,"Patellar dislocation, cataracts, skin allergies",toy,small,4,3,2,Yes
Barley Town Dog (spotted dog),Dalmatian,"Yugoslav medium-sized dog, with white fur and black spots, lively personality, good at pulling carts.",Yugoslavia,10-13 years,20-32Kg,56-61cm,"Lively, smart, loyal","1. 2 hours of exercise per day, suitable for running; 2-Brush short hair once a week. 3 Early training to avoid excessive excitement","hip dysplasia, deafness (high incidence), uric acid stones",NON-sporting,medium,4,2,5,Yes
Finnish Pomeranian hair dog,Finnish Spitz,"Finnish national dog, with golden fur, lively and agile personality, good at hunting birds.",Finland,12-15 years,7-10Kg,38-48cm,"Lively, sharp, loyal",1. 1.5 hours of exercise per day; 2-Brush the coat twice a week. 3 Correct the habit of calling love and standardize behavior,"hip dysplasia, patellar dislocation, eye disease",hound,small,4,3,4,Yes
Dutch Lion Dog,Keeshond,"The Dutch medium-sized dog has thick fur and a lively and friendly personality, making it an excellent companion dog.",Netherlands,12-15 years,14-18Kg,43-48cm,"Lively, smart, family","1. 1.5 hours of exercise per day; 2-Brush the coat 2-3 times a week, increasing the frequency during the shedding period. 3 Early training to avoid barking","hip dysplasia, progressive retinal atrophy, thyroid disease",NON-sporting,medium,4,4,3,Yes
Samoyed (white),Samoyed,"Siberian sled dog, with thick white fur, smiling face, and lively personality.",Russia,12-14 years,16-30Kg,48-60cm,"Lively, family, cheerful",1. 2 hours of exercise per day; 2-Brush the thick coat three times a week. 3 Regularly clean the ear canal to prevent infection,"hip dysplasia, progressive retinal atrophy, thyroid disease",working,medium,3,5,4,Yes
"Siberian sled dog (husky, red)",Siberian Husky (Red),"The red-haired Husky has a similar personality to the black and white variant, making it more unique.",Russia,12-15 years,16-27Kg,50-60cm,"Lively, mischievous, family","1.-2.5 hours of exercise per day, including running. 2-Brush the coat 2-3 times a week. 3 .Leave the dog to prevent getting lost","hip dysplasia, cataracts, skin allergies",working,medium,3,4,5,Yes
Alaskan Sled Dog (Gray),Alaskan Malamute (Gray),"Gray-haired Alaska, large in size, calm in character.",United States,10-12 years,34-38Kg,58-64cm,"Steady, loyal, gentle",1. 2. 5 hours of exercise per day; 2-Brush the thick coat three times a week. 3 Control diet to prevent obesity,"Poor hip joint development, poor elbow development, gastric torsion",working,large,3,5,5,Yes
Alaskan Sled Dog (red),Alaskan Malamute (Red),The red fur variant has a similar personality to the gray variant and is more domineering.,United States,10-12 years,34-38Kg,58-64cm,"Domineering, loyal, gentle",1. 2.5 hours of exercise per day; 2-Brush the coat three times a week. 3 Avoid high temperatures and prevent heatstroke,"Poor hip development, poor elbow development, skin problems",working,large,3,5,5,Yes
The Greenland Dog,Greenland Dog,"Greenland sled dog, with thick coat, adapts to extreme cold, and has a tough character.",Greenland,12-15 years,20-30Kg,55-60cm,"Tough, loyal, lively",1. 3 hours of exercise per day; 2-Brush the thick coat 2-3 times a week. 3. Adapt to the cold and prevent heatstroke in summer,"hip dysplasia, progressive retinal atrophy, skin problems",working,medium,3,4,5,Yes
Canadian Eskimo Dog,Canadian Eskimo Dog,Canadian large sled dog with thick coat and strong sled pulling ability.,Canada,10-15 years,30-40Kg,58-70cm,"Steady, loyal, tenacious",1. 2. 5 hours of exercise per day; 2-Brush the coat three times a week. 3 .Strict training to avoid being free,"Poor hip joint development, poor elbow development, gastric torsion",working,large,3,5,5,Yes
Alaskan Klykee,Alaskan Klee Kai,"Alaskan sled dog mini variant, small size, lively personality, suitable for companions.",United States,12-16 years,4-10Kg,33-43cm,"Lively, family, clingy",1. 1 hour of exercise per day; 2-Brush the coat twice a week. 3 Avoid excessive indulgence and prevent willfulness,"hip dysplasia, progressive retinal atrophy, dental problems",working,small,3,4,3,Yes
German Doberman (blue),Doberman Pinscher (Blue),"The blue coat of Dupin has a similar personality to the black variant, making it more elegant.",Germany,10-13 years,30-40Kg,66-72cm,"Graceful, brave, loyal",1. 2 hours of exercise per day; 2-Brush short hair 1-2 times a week. 3 Regularly check the heart to prevent cardiomyopathy,"hip dysplasia, dilated cardiomyopathy, thyroid disease",working,large,5,2,5,No
German Doberman (red),Doberman Pinscher (Red),The reddish-brown Doberman has a brave and loyal personality and is an excellent guard dog.,Germany,10-13 years,30-40Kg,66-72cm,"Courage, loyalty, obedience","1. 2 hours of exercise per day, suitable for guard training; 2-Brush short hair once a week. 3 .Early tail and ear cut (optional)","hip dysplasia, dilated cardiomyopathy, progressive retinal atrophy",working,large,5,2,5,No
Rottweiler (Black),Rottweiler,"German large guard dog, black-brown color scheme, calm personality, extremely strong protection ability.",Germany,8-Ten years,35-60Kg,56-69cm,"Steady, loyal, brave",1. 2 hours of exercise per day; 2-Brush short hair once a week. 3 Strict socialization from an early age to avoid aggression,"hip dysplasia, elbow dysplasia, dilated cardiomyopathy",working,large,4,2,4,No
Casrow Dog,Cane Corso,"Italian large guard dog, short fur, calm personality, is a top guard dog.",Italy,10-12 years,40-50Kg,60-68cm,"Steady, loyal, vigilant",1. 2 hours of exercise per day; 2-Brush short hair once a week. 3 .Strict training to avoid over-aggression against strangers,"Poor hip joint development, poor elbow development, gastric torsion",working,large,3,2,4,No
Naples Mastiff,Neapolitan Mastiff,"Italian large Mastiff, with many wrinkles on the skin, calm and protective of the owner.",Italy,8-Ten years,50-70Kg,60-75cm,"calm, loyal, gentle (to the master)",1. Exercise for 1.5 hours a day to avoid excessive fatigue. 2. Clean the skin folds daily; 3 Control diet to prevent obesity,"Poor hip development, poor elbow development, heart problems",working,large,2,2,3,No
Bulldog Mastiff,Bullmastiff,"A hybrid breed of Bulldog and Mastiff, with a large body size, brave personality, and strong guarding ability.",United Kingdom,8-Ten years,45-60Kg,61-69cm,"Brave, loyal, steady",1. 1.5 hours of exercise per day; 2-Brush short hair once a week. 3 Socialize early and avoid attacking other dogs,"Poor hip development, poor elbow development, breathing problems",working,large,3,2,3,No
Great Dane (Black),Great Dane (Black),"One of the largest breeds of dogs, black fur, gentle personality, known as the ""gentle giant"".",Germany,7-Ten years,50-90Kg,71-86cm,"Docile, loyal, steady","1. Exercise for 1.5 hours a day, avoid strenuous exercise; 2-Brush short hair once a week. 3. Provide large space to avoid crowding","Poor hip joint development, poor elbow development, gastric torsion (high incidence)",working,large,3,2,3,Yes
Great Dane (yellow brown),Great Dane (Fawn),The yellow-brown fur variant is the most common Great Dane fur color.,Germany,7-Ten years,50-90Kg,71-86cm,"Docile, family, loyal",1. Take a slow walk for 1.5 hours a day. 2-Brush short hair once a week. 3 Regularly check the heart to prevent cardiomyopathy,"hip dysplasia, heart disease, stomach torsion",working,large,3,2,3,Yes
St. Bernard Dog,Saint Bernard,Swiss large rescue dog with thick fur and gentle personality.,Switzerland,8-Ten years,50-90Kg,65-90cm,"Docile, loyal, family",1. 1.5 hours of exercise per day; 2-Brush the thick coat 2-3 times a week. 3 Control diet to prevent obesity and joint problems,"Poor hip joint development, poor elbow development, gastric torsion",working,large,2,4,3,Yes
Bourne Mountain Dog,Bernese Mountain Dog,"Swiss large dog, black, brown, and white coat, gentle personality, short lifespan.",Switzerland,6-Eight years,36-50Kg,58-70cm,"Docile, family, loyal","1. Exercise for 1.5 hours a day, avoid strenuous exercise; 2-Brush the coat three times a week. 3. Regularly check for cancer, which is a high incidence","hip dysplasia, elbow dysplasia, cancer",working,large,4,3,4,Yes
Newfoundland Dogs,Newfoundland,"Canadian large water dog, thick and waterproof, good at swimming rescue.",Canada,8-Ten years,45-68Kg,66-71cm,"Docile, loyal, family","1. 2 hours of exercise daily, including swimming; 2-Brush the thick coat three times a week. 3 Regularly clean the ear canal to prevent infection","Poor hip development, poor elbow development, heart disease",working,large,3,4,4,Yes
Portuguese Water Dog,Portuguese Water Dog,"The Portuguese water dog, with curly fur, is skilled in water work and is President Obama's pet dog.",Portugal,10-14 years,16-27Kg,43-58cm,"Lively, smart, loyal","1. 2 hours of exercise per day, including swimming; 2 Regularly trim the curly hair; 3 Pay attention to intellectual training to prevent boredom","hip dysplasia, cataracts, thyroid disease",working,medium,4,3,5,Yes
Standard Poodle,Standard Poodle,Poodles have a standard body size and rank second in IQ. They are good at various trainings.,France,10-18 years,20-32Kg,38-60cm,"Smart, lively, loyal",1. 2 hours of exercise per day; 2-Trim the coat 1-2 times a week. 3 Regularly clean the ear canal to prevent infection,"hip dysplasia, cataracts, epilepsy",NON-sporting,medium,5,1,4,Yes
Mini Poodle,Miniature Poodle,"Mini-sized poodles, lively personality, suitable for apartment breeding.",France,12-15 years,6-9Kg,28-38cm,"Lively, clingy, smart",1. 1.5 hours of exercise per day; 2 Trim the coat once a week; 3 Avoid excessive indulgence and prevent willfulness,"Patellar dislocation, cataracts, dental problems",NON-sporting,small,5,1,3,Yes
Toy Poodle,Toy Poodle,"Toy-sized poodle, the smallest poodle variant, with a clingy personality.",France,12-15 years,3-6Kg,24-28cm,"Sticky, smart, docile",1. 1 hour of exercise per day; 2 Trim the coat once a week; 3 Pay attention to keeping warm and avoid cold,"Patellar dislocation, cataract, hypoglycemia",NON-sporting,small,5,1,2,Yes
Poodle (giant),Giant Poodle,"Giant poodles, large in size, gentle in character, suitable for family breeding.",France,10-15 years,30-35Kg,45-60cm,"Docile, smart, loyal",1. 2 hours of exercise per day; 2-Trim the coat 1-2 times a week. 3 Regularly check the joints to prevent injuries,"hip dysplasia, cataracts, skin allergies",NON-sporting,large,5,1,4,Yes
Bichon Dog,Bichon Frise,"French small toy dog, with white curly fur, gentle and lively personality, does not shed.",France,12-15 years,3-5Kg,23-30cm,"Docile, lively, family",1. 1 hour of exercise per day; 2 .Broom the curly coat twice a week; 3. Regularly trim hair to maintain shape,"Patellar dislocation, cataracts, skin allergies",toy,small,4,1,2,Yes
Curly-haired Bichon (white),Bichon Frise (White),"The pure white coat is the standard coat color of the bear, with a gentle and lovely personality.",France,12-15 years,3-5Kg,23-30cm,"Lovely, docile, lively",1. 1 hour of exercise per day; 2-Brush the coat twice a week. 3 Clean your eyes regularly to prevent tear stains,"Patellar dislocation, tear marks, skin allergies",toy,small,4,1,2,Yes
Maltese dog,Maltese,"Maltese small toy dog, with a snow-white and smooth coat, a gentle and elegant personality, and no shedding.",Malta,12-15 years,2-4Kg,20-25cm,"Graceful, docile, clingy",1. 30 minutes of indoor interaction every day; 2-Brush the coat daily to keep it white. 3 Regularly trim hair to prevent knotting,"Patellar dislocation, tracheal collapse, tear marks",toy,small,4,1,1,Yes
Shishi Dog,Shih Tzu,"Traditional Chinese toy dog, originating from Xizang, with gorgeous fur and gentle personality.",China,12-14 years,4-7Kg,23-27cm,"Docile, family, lively",1. 30 minutes of light exercise per day; 2-Daily grooming to prevent knotting. 3 Clean the face regularly to prevent tear stains,"Patellar dislocation, dacryocystitis, kidney disease",toy,small,3,5,2,Yes
Lasa Dog,Lhasa Apso,"Xizang is an ancient breed of dog, with thick and long fur, independent and alert personality, and is a temple guard dog.",China Xizang,12-15 years,6-8Kg,25-28cm,"independence, vigilance, loyalty",1. 30-minute walk every day; 2-Brush long hair four times a week to prevent knotting. 3 Pay attention to obedience training and correct stubbornness,"Poor hip development, eye disease, kidney problems",NON-sporting,small,3,5,2,Yes
Pine Lion Dog,Chow Chow,"Chinese native dog, medium size, thick fur, blue tongue, stable and independent personality.",China,9-15 years,20-32Kg,46-56cm,"Steady, loyal, independent",1. 1.5 hours of exercise per day; 2-Brush the thick coat three times a week. 3 Early socialization to avoid apathy,"hip dysplasia, thyroid disease, eye disease",NON-sporting,medium,2,5,3,No
Sharpi dog,Chinese Shar-Pei,"Chinese native dogs have wrinkled skin, short and hard fur, and a calm personality.",China,8-12 years,16-25Kg,46-51cm,"Steady, loyal, vigilant",1. 1 hour of exercise per day; 2. Clean skin wrinkles daily; 3. Regularly check your eyes to prevent inversion of the eyelids,"Skin infection, hip dysplasia, eyelid inversion",NON-sporting,medium,2,2,2,No
French Bulldog,French Bulldog,"French small dog, with a flat face and a gentle and clingy personality, is one of the most popular companion dogs.",France,10-12 years,8-14Kg,27-35cm,"Docile, clingy, cheerful",1. 30 minutes of light exercise per day; 2-Brush short hair once a week. 3 Regularly clean skin folds,"Short nose syndrome, skin infection, hip dysplasia",NON-sporting,small,3,2,2,Yes
British Bulldog,English Bulldog,"United Kingdom medium-sized dog, strong, flat face, steady and loyal personality.",United Kingdom,8-Ten years,18-25Kg,31-40cm,"Stable, loyal, docile",1. 30-minute walk every day; 2-Brush short hair once a week. 3 Regularly clean skin folds,"Short nose syndrome, hip dysplasia, skin infection",NON-sporting,medium,2,2,2,Yes
Pug dog,Pug,"Chinese small dog, flat face, gentle and clingy personality, cute appearance.",China,12-15 years,6-8Kg,25-28cm,"Docile, clingy, lively",1. 30 minutes of light exercise per day; 2. Cleans facial wrinkles daily; 3 Control weight and prevent obesity,"Short nose syndrome, skin infection, eye disease",toy,small,3,2,2,Yes
Shiba Inu,Shiba Inu,"Japanese small dogs are lively and independent, with a cute appearance, and are the most popular breed of Japanese dogs.",Japan,12-15 years,6-10Kg,35-41cm,"Lively, independent, loyal",1. 1.5 hours of exercise per day; 2-Brush the coat 1-2 times a week. 3 Use positive methods in training to avoid stubbornness,"hip dysplasia, cataracts, thyroid disease",NON-sporting,small,3,3,3,Yes
Akita Dog,Akita,"Japanese large dogs, loyal and brave, are the national dogs of Japan.",Japan,10-13 years,34-54Kg,61-71cm,"Loyalty, bravery, vigilance",1. 2 hours of exercise per day; 2-Brush the coat twice a week. 3 .Strict training to avoid aggression,"hip dysplasia, thyroid disease, progressive retinal atrophy",working,large,3,4,4,No
Husky,Siberian Husky,"Siberian sled dogs, with a lively and mischievous personality and a handsome appearance, are the most popular sled dogs.",Russia,12-15 years,16-27Kg,50-60cm,"Lively, mischievous, family","1.-2.5 hours of exercise per day, including running. 2-Brush the coat 2-3 times a week. 3 .Leave the dog to prevent getting lost","hip dysplasia, cataracts, skin allergies",working,medium,3,4,5,Yes
Alaskan Sled Dog,Alaskan Malamute,The Alaskan large sled dog is larger than the Husky and has a more stable personality.,United States,10-12 years,34-38Kg,58-64cm,"Steady, loyal, gentle",1. 2. 5 hours of exercise per day; 2-Brush the thick coat three times a week. 3 Control diet to prevent obesity,"Poor hip joint development, poor elbow development, gastric torsion",working,large,3,5,5,Yes
Samoyed dog,Samoyed,"Siberian sled dog, with thick white fur, smiling face, and lively personality.",Russia,12-14 years,16-30Kg,48-60cm,"Lively, family, cheerful",1. 2 hours of exercise per day; 2-Brush the thick coat three times a week. 3 Regularly clean the ear canal to prevent infection,"hip dysplasia, progressive retinal atrophy, thyroid disease",working,medium,3,5,4,Yes
Golden Retriever,Golden Retriever,"The United Kingdom large sports dog, gentle and family-friendly, is the most popular family companion dog and guide dog.",United Kingdom,10-12 years,25-34Kg,55-61cm,"Friendly, gentle, confident",1. grooming 3 to 4 times a week; 2-Exercise for at least 60 minutes a day. 3. Likes swimming and retracement games,"hip dysplasia, elbow dysplasia, allergies",sporting,medium,5,3,4,Yes
Labrador Retriever,Labrador Retriever,"The Canadian large sports dog, with a gentle and loyal personality, is the most popular guide dog and family companion dog.",Canada,10-12 years,25-36Kg,54-57cm,"Docile, loyal, lively",1. 1.5 hours of exercise per day; 2-Brush short hair 1-2 times a week. 3 Control your diet and avoid excessive obesity,"hip dysplasia, elbow dysplasia, progressive retinal atrophy",sporting,large,5,2,4,Yes
border collie,Border Collie,"United Kingdom sheepdogs, ranked first in IQ, are good at sheep herding and agility.",United Kingdom,12-15 years,14-20Kg,46-54cm,"Smart, quick, loyal","1. Exercise for more than 2 hours per day, including intellectual training; 2-Brush the coat twice a week. 3. Give clear instructions to avoid excessive excitement","hip dysplasia, progressive retinal atrophy, epilepsy",herding,medium,5,3,5,Yes
German Shepherd,German Shepherd,"German Shepherds, strong in size, loyal and brave in character, are one of the best working dogs.",Germany,9-13 years,22-40Kg,55-65cm,"Loyalty, bravery, obedience",1. 2 hours of exercise per day; 2-Brush the coat twice a week. 3 Socialize from an early age to avoid aggression,"hip dysplasia, elbow dysplasia, pancreas dysfunction",herding,large,5,4,5,Yes
Doberman dog,Doberman Pinscher,"German large guard dog, with a strong physique, brave and loyal personality, is an excellent military and police dog.",Germany,10-13 years,30-40Kg,66-72cm,"Courage, loyalty, obedience",1. 2 hours of exercise per day; 2-Brush short hair 1-2 times a week. 3 Regularly check the heart to prevent cardiomyopathy,"hip dysplasia, dilated cardiomyopathy, thyroid disease",working,large,5,2,5,No
Rottweiler dog,Rottweiler,"German large guard dog, calm personality, extremely strong protection ability, is an excellent family guard dog.",Germany,8-Ten years,35-60Kg,56-69cm,"Steady, loyal, brave",1. 2 hours of exercise per day; 2-Brush short hair once a week. 3 Strict socialization from an early age to avoid aggression,"hip dysplasia, elbow dysplasia, dilated cardiomyopathy",working,large,4,2,4,No
Poodle,Poodle,"French dog breed, ranked second in IQ, with three body types: standard, mini, and toy, and intelligent and lively personality.",France,12-15 years,3-32Kg,24-60cm,"Smart, lively, loyal",1. 1 to 2 hours of exercise per day; 2-Regularly trim the coat; 3 Pay attention to intellectual training to prevent boredom,"hip dysplasia, cataracts, epilepsy",NON-sporting,medium,5,1,4,Yes
Bichon Dog,Bichon Frise,"French small toy dog, with white curly fur, gentle and lively personality, does not shed fur, suitable for allergic constitution.",France,12-15 years,3-5Kg,23-30cm,"Docile, lively, family",1. 1 hour of exercise per day; 2 .Broom the curly coat twice a week; 3. Regularly trim hair to maintain shape,"Patellar dislocation, cataracts, skin allergies",toy,small,4,1,2,Yes
Schnauzer,Schnauzer,"German terriers come in three sizes: mini, standard, and giant. They have coarse and hard fur and are intelligent and alert.",Germany,12-15 years,4-45Kg,30-70cm,"Smart, vigilant, loyal",1. 1 to 2 hours of exercise per day; 2-Brush the coarse and hard coat twice a week and pluck it regularly. 3 Regularly clean the ear canal to prevent infection,"hip dysplasia, cataracts, skin problems",terrier,medium,4,3,4,Yes
Corgis,Welsh Corgi,"Welsh Shepherds, divided into Pembroke and Cardigan, are short and strong, with a lively and lovely personality.",Wales,12-15 years,10-17Kg,25-33cm,"Lively, family, smart",1. Exercise for 1.5 hours a day and avoid climbing stairs. 2-Control weight and protect the lumbar spine. 3. Brush the coat 1-2 times a week,"hip dysplasia, degenerative myelopathy, obesity",herding,medium,4,3,3,Yes
Chihuahua,Chihuahua,"The smallest breed of dog in the world, divided into short and long hair, with a lively and clingy personality.",Mexico,12-20 years,1-3Kg,15-23cm,"Lively, clingy, brave",1. 30 minutes of light exercise per day; 2-Pay attention to keeping warm and avoiding cold; 3. Avoid falling from heights and protect your body,"Patellar dislocation, tracheal collapse, hypoglycemia",toy,small,3,1,1,No
Yorkshire terrier,Yorkshire Terrier,"United Kingdom small terrier with long and smooth hair, lively and intelligent personality, and cute appearance.",United Kingdom,12-15 years,2-3Kg,20-23cm,"Lively, clingy, smart",1. 30 minutes of indoor exercise every day; 2-Daily grooming of long hair to prevent knotting. 3. Regularly trim hair for easy care,"Patellar dislocation, tracheal collapse, periodontal disease",terrier,small,4,5,2,Yes
United Kingdom Springer Dog,English Springer Spaniel,"Originating from United Kingdom, it is a classic sport dog, good at finding and tracking, often used as a hunting aid dog or drug-sniffing dog",United Kingdom,12-14 years,18-23,46-48,"Docile, lively, loyal",1. 1-2 hours of outdoor exercise per day; 2-Regularly comb the fur to prevent knotting. 3 Social training from a young age to prevent vigilance,"hip dysplasia, progressive retinal atrophy, ear infection",sporting,medium,4,3,5,Yes
Irish Sheddar Dog,Irish Setter,"From Ireland, with a gorgeous red coat, very athletic ability, is an excellent hunting dog and companion dog",Ireland,10-12 years,25-34,61-69,"Enthusiastic, cheerful, and agile",1. Requires a lot of running space and is not suitable for apartments; 2-Deep combing 3 times a week; 3 Training requires patience to avoid roughness,"hip dysplasia, gastric torsion, hypothyroidism",sporting,large,4,4,5,Yes
Gordon Shedda Dog,Gordon Setter,"native to Scotland, medium size, black brown coat, both hunting ability and companion dog traits",Scotland,10-13 years,20-32,58-66,"Steady, smart, alert","1. Exercise for more than 1 hour per day, combined with grabbing games; 2-Regularly clean the ears to prevent otitis media. 3 .Integrate into the family and avoid being alone","Progressive retinal atrophy, hip dysplasia, skin allergies",sporting,medium,4,3,4,Yes
American Water Hound,American Water Spaniel,"Native American sports dog, good at water recovery, strong adaptability, suitable for families who love water activities",United States,10-14 years,11-20kg,38-46,"Lively, Brave, Family","1. 1.5 hours of exercise per day, increase swimming activities; 2-Dry the fur after swimming to prevent skin problems. 3 Positive motivation training","hip dysplasia, cataracts, ear infections",sporting,medium,4,3,5,Yes
Chesapeake Bay Retrieve Dog,Chesapeake Bay Retriever,"Originating from the United States, the fur is excellent waterproof, good at finding in cold water, tough character",United States,10-13 years,25-36,53-66,"Loyalty, bravery, calmness",1. High-intensity exercise for more than 2 hours per day; 2-Regularly trim the foot mat hair to prevent slipping. 3 Obedience training from childhood to avoid stubbornness,"hip dysplasia, progressive retina atrophy, gastric torsion",sporting,large,3,3,5,Yes
Brittany Dog,Brittany,"From France, compact and agile, a good bird-hunting dog and a docile family companion",France,12-14 years,13-18,44-52,"Lively, smart, family","1. 1. 1.5 hours of exercise per day, combined with agility training; 2-Regularly comb the coat to remove floating hair. 3. Avoid spoiling and guarding against willfulness","hip dysplasia, epilepsy, cataracts",sporting,medium,4,2,4,Yes
German short-haired instruction dog,German Shorthaired Pointer,"Originating from Germany, all-round sports dog with tracking, retrieval and guidance abilities, adapting to various hunting scenarios",Germany,10-12 years,20-32,53-64,"Smart, lively, obedient","1. Exercise for more than 2 hours a day, requiring complex training; 2-Regularly check the oral cavity to prevent periodontal disease; 3 Establish a close connection with the owner","hip dysplasia, gastric torsion, hypothyroidism",sporting,large,5,3,5,Yes
German Hard Haired Indicator Dog,German Wirehaired Pointer,"A variant of German short-haired indicator dog, with coarse and hard coat, more resistant to harsh environments, and outstanding hunting ability",Germany,10-12 years,22-32,54-64,"Tough, smart, alert","1. 2 hours of exercise per day, suitable for outdoor activities; 2-Brush the coat 1-2 times a week. 3 Training requires clear instructions","hip dysplasia, progressive retinal atrophy, skin inflammation",sporting,large,4,3,5,Yes
Pointer,English Pointer,"Classic indicator dog, native to United Kingdom, maintains a ""indicating"" posture when finding prey, gracefully moves",United Kingdom,12-14 years,20-34,61-71,"Docile, quick, loyal","1. 1.5 hours of exercise per day, follow-up training; 2-Regularly comb short hair to keep it clean. 3 Early social protection is not friendly to dogs","hip dysplasia, cataracts, hypothyroidism",sporting,large,4,2,4,Yes
Vizra dog,Vizsla,"Originating from Hungary, the fur is golden yellow, and the character is gentle. It is not only an excellent hunting dog but also a caring companion dog",Hungary,10-14 years,20-30,53-64,"Passionate, family, sensitive","1. Exercise for 1.5 hours a day, not suitable for long-term alone time; 2-Regularly comb and remove short hair; 3 Give enough care to prevent anxiety","hip dysplasia, progressive retina atrophy, gastric torsion",sporting,large,4,2,4,Yes
Hungarian Hardhaired Vizra,Hungarian Wirehaired Vizsla,"A hard-haired variant of the Vizra dog, more resistant to rough terrain, strong hunting ability, and lively personality",Hungary,10-14 years,22-30,53-64,"Tough, lively, loyal","1. 2 hours of exercise per day, suitable for outdoor hunting simulation; 2. Brush the hard hairs 1-2 times a week; 3 Training combined with reward mechanism","hip dysplasia, eye diseases, skin allergies",sporting,large,4,3,5,Yes
Spanish Boeing Dog,Spanish Pointer,"Originating from Spain, medium size, flexible movement, good at hunting in the mountains, strong adaptability",Spain,12-14 years,18-25,50-62,"Smart, alert, lively","1. 1.5 hours of exercise daily, mountain running training; 2-Regularly clean the ears to prevent infection. 3 Obedience training from a young age to prevent dissatisfaction","hip dysplasia, cataracts, hypothyroidism",sporting,medium,4,2,4,Yes
Italian Boeing Dog,Italian Pointer,"Italian native sport dog with short, smooth coat, a keen sense of smell, and good at tracking small prey",Italy,12-14 years,18-25,50-60,"Docile, quick, and family","1. 1 hour of exercise per day, suitable for urban families; 2. Regularly wipe the coat to keep it clean. 3 .Integrate into family activities to avoid loneliness","hip dysplasia, retinitis pigmentosa, skin problems",sporting,medium,3,2,3,Yes
French Boeing Dog,French Pointer,"Originating from France, elegant in size, light in movement, both a hunting dog and an excellent display dog",France,10-12 years,24-30,60-67,"Graceful, smart, docile","1. 1.5 hours of exercise per day, combined with jumping training; 2-Regularly comb short hair to reduce floating hair; 3 Training requires patience and avoid impatience","hip dysplasia, cataracts, gastric torsion",sporting,large,4,2,4,Yes
United Kingdom Cocker Dog,English Cocker Spaniel,"Native to United Kingdom, small in size, fluffy fur, lively personality, is a popular family companion dog and hunting dog",United Kingdom,12-15 years,11-15kg,38-41,"Lively, family, cheerful","1. 1 hour of exercise daily, short walks + games; 2-Brush the coat 2-3 times a week to prevent knotting. 3 Pay attention to oral hygiene and brush your teeth regularly","hip dysplasia, progressive retinal atrophy, ear infection",sporting,medium,4,3,3,Yes
American Cocker Dog,American Cocker Spaniel,"American-bred variant of the Cocker Dog, slightly smaller, more gorgeously coat, more docile character",United States,12-15 years,10-13kg,34-38,"Docile, family, clingy","1. 1 hour of exercise per day, suitable for apartments (interactivity required); 2-Brush the fur three times a week and take care of the ears. 3 Avoid overfeeding to prevent obesity","hip dysplasia, cataracts, skin allergies",sporting,medium,4,4,3,Yes
Irish Water Hound,Irish Water Spaniel,"Originating from Ireland, it is the largest breed of water hounds. It is good at swimming and has a curly coat",Ireland,10-13 years,22-28,51-58,"Smart, brave, lively","1. 2 hours of exercise per day, including swimming; 2-Brush the curly coat 2-3 times a week. 3 Training needs to challenge intelligence to prevent boredom","hip dysplasia, progressive retina atrophy, gastric torsion",sporting,large,4,4,5,Yes
Curly Hair Retrieving Dog,Curly-Coated Retriever,"Originating from United Kingdom, the fur is tightly curled, good waterproof, good at water recovery, stable personality",United Kingdom,10-12 years,25-35,51-61,"Steady, loyal, smart","1. 1.5 hours of exercise per day, combined with swimming and recovery; 2 .Broom the curly coat twice a week; 3. Regularly check the skin to prevent fungal infections","hip dysplasia, cataracts, hypothyroidism",sporting,large,4,3,4,Yes
Flat-haired Retriever,Flat-Coated Retriever,"Originating from United Kingdom, smooth coat, agile movement, strong ability to find, lively personality",United Kingdom,10-14 years,25-32,56-61,"Lively, loyal, agile","1. 2 hours of exercise per day, suitable for outdoor recovery training; 2-Brush the quilt 1-2 times a week to ensure smoothness. 3 Frequent interaction with the host to prevent anxiety","hip dysplasia, progressive retina atrophy, gastric torsion",sporting,large,4,3,5,Yes
Golden Retriever (English),Golden Retriever (British Type),"The Golden Retriever bred by United Kingdom has a thicker body, thicker coat, and a more stable personality",United Kingdom,10-12 years,25-34,55-61,"Docile, loyal, family","1. 1.5 hours of exercise every day, with obedience training; 2-Brush and remove hair 2-3 times a week. 3 Control diet to prevent obesity and joint problems","hip dysplasia, elbow dysplasia, progressive retinal atrophy",sporting,large,5,4,4,Yes
Golden Retriever (American),Golden Retriever (American Type),"American-bred Golden Retriever variant, with a longer body, lighter coat, and more lively personality",United States,10-12 years,25-32,51-56,"Lively, family, smart","1. 2 hours of exercise per day, suitable for family games; 2-Brush the coat twice a week, increasing the frequency during the hair shedding period. 3 Early social defense against strangers","hip dysplasia, elbow dysplasia, hypothyroidism",sporting,large,5,4,4,Yes
Labrador Retriever (Black),Labrador Retriever (Black),"Classic Labrador variant, black coat, gentle personality, excellent guide dog and family companion dog",Canada,10-12 years,25-36,54-57,"Docile, loyal, obedient","1. 1.5 hours of exercise daily, recovery + obedience training; 2-Brush short hair 1-2 times a week for cleaning. 3 Control diet to avoid excessive obesity","hip dysplasia, elbow dysplasia, progressive retinal atrophy",sporting,large,5,2,4,Yes
Labrador Retriever (Yellow),Labrador Retriever (Yellow),"Labrador common variant, covered with yellow hair (from light yellow to dark yellow), with a lively personality",Canada,10-12 years,25-36,54-57,"Lively, family, smart","1. 1.5 hours of exercise per day, suitable for family games; 2-Once a week, comb short hair to reduce floating hair. 3 Train the anti-pumping man with small rules","hip dysplasia, elbow dysplasia, hypothyroidism",sporting,large,5,2,4,Yes
Labrador Retriever (chocolate),Labrador Retriever (Chocolate),"Labrador rare variant, hairy chocolate color, steady character, few in number",Canada,10-12 years,25-36,54-57,"Stable, loyal, docile",1. 1.5 hours of exercise daily and olfactory training; 2-Brush short hair once a week and pay attention to sun protection for the skin. 3 Regular eye check-ups to prevent cataracts,"hip dysplasia, elbow dysplasia, progressive retinal atrophy",sporting,large,5,2,4,Yes
Border Collie (Black and White),Border Collie (Black & White),"Classic border collie variant, black and white coat, IQ number one, good at sheep herding and agile movement",United Kingdom (Scotland Borders),12-15 years,14-20,46-54,"Smart, quick, loyal","1. Exercise for more than 2 hours a day, including intellectual training; 2-Brush the coat twice a week, increasing the frequency during the shedding period. 3. Give clear instructions to prevent excitement","hip dysplasia, progressive retinal atrophy, epilepsy",herding,medium,5,3,5,Yes
Border Collie (brown and white),Border Collie (Brown & White),"Common variants of border collies, brown and white coat, similar in character to black and white variants, more docile",United Kingdom,12-15 years,14-20,46-54,"Docile, smart, quick","1. 2 hours of exercise daily, agility training + sheep herding simulation; 2-Brush the fur twice a week to care for long hair areas. 3. Avoid long-term isolation at the home","hip dysplasia, progressive retinal atrophy, hypothyroidism",herding,medium,5,3,5,Yes
Border Collie (Meteorite),Border Collie (Merle),"A rare variant of the border collie, with a meteorite-like coat, lively personality, and special genetics",United Kingdom,12-15 years,14-20,46-54,"Lively, smart, alert","1.-2.5 hours of exercise per day, requiring complex training; 2-Brush the coat three times a week to prevent knotting. 3 Avoid meteorite color mating to prevent genetic diseases","hip dysplasia, progressive retinal atrophy, deafness",herding,medium,5,3,5,Yes
German Shepherd (Blackback),German Shepherd Dog (Black & Tan),"Classic German Shepherd variant, black back, yellow belly, strong body, excellent working dog and guard dog",Germany,9-13 years,22-40,55-65,"Loyalty, bravery, obedience","1. 2 hours of exercise daily, obedience + guard training; 2-Brush the coat twice a week, and comb it daily during the shedding period. 3 Early social anti-aggression","hip dysplasia, elbow dysplasia, pancreas dysfunction",herding,large,5,4,5,No
German Shepherd (All Black),German Shepherd Dog (All Black),"German Shepherd is a rare variant, black all over, with a more stable character and strong guarding ability",Germany,9-13 years,22-40,55-65,"Steady, loyal, brave","1. 2 hours of exercise daily, guard + tracking training; 2-Brush the coat twice a week and pay attention to skin cleanliness. 3 Training strict but gentle, avoiding violence","hip dysplasia, elbow dysplasia, progressive retinal atrophy",herding,large,5,4,5,No
German Shepherd (East Germany),German Shepherd Dog (East German Working Line),"German sheepdog bred in East Germany, more compact, more powerful, suitable for military and police use",Germany,9-13 years,22-40,55-65,"tenacity, obedience, bravery","1. 2.5 hours of exercise daily, high-intensity work training; 2-Brush the coat twice a week to keep it short and tidy. 3 Establish absolute trust with the owner","hip dysplasia, elbow dysplasia, hypothyroidism",herding,large,5,4,5,No
Belgian Shepherd (Marlinus),Belgian Malinois,"Often called ""horse dog,"" Belgian sheepdog variant, medium size, agile movement, is a top military police dog",Belgium,10-14 years,22-28,56-66,"Lively, brave, obedient","1. 3 hours of exercise every day, must be high-intensity training; 2-Brush and remove short hair 1-2 times a week. 3 Strict training from a young age to prevent loss of control","hip dysplasia, elbow dysplasia, progressive retinal atrophy",herding,medium,5,2,5,No
Belgian Shepherd (Tefron),Belgian Tervuren,"Belgian sheepdog variant, long and black brown coat, gentle character, both shepherding and companionship",Belgium,10-14 years,22-28,56-66,"Docile, smart, loyal","1. 2 hours of exercise daily, sheep herding + agility training; 2-Brush long hair 2-3 times a week to prevent knotting. 3 .Integrate into family life and avoid being alone","hip dysplasia, progressive retina atrophy, skin allergies",herding,medium,4,3,4,Yes
Belgian Shepherd (Ge Luanda),Belgian Groenendael,"Belgian sheepdog variant, long and all black coat, steady character, strong guarding ability",Belgium,10-14 years,22-28,56-66,"Steady, loyal, vigilant","1. 2 hours of exercise daily, guard + obedience training; 2-Brush long hair three times a week to take care of the neck. 3 Early social defense against strangers","hip dysplasia, progressive retinal atrophy, hypothyroidism",herding,medium,4,3,4,No
Belgian sheepdog (Lakénova),Belgian Laekenois,"A rare variant of the Belgian sheepdog, with a coarse and hard coat, a light yellowish brown color, and a tough character",Belgium,10-14 years,22-28,56-66,"Tough, smart, brave","1. 2.5 hours of exercise daily, outdoor work training; 2-Brush rough and hard fur twice a week to remove debris. 3 Training combined with rewards to boost motivation","hip dysplasia, progressive retinal atrophy, skin inflammation",herding,medium,4,3,5,No
Australian sheepdog,Australian Shepherd,"Native to the United States (non-Australian), thick coat, diverse color, good at sheep herding and agile movement",United States,12-15 years,14-22,46-58,"Smart, lively, loyal","1. 2 hours of exercise daily, intellectual and physical training; 2-Brush the coat 2-3 times a week, increasing the frequency during the shedding period. 3 Avoid excessive excitement and barking","hip dysplasia, progressive retinal atrophy, epilepsy",herding,medium,5,4,5,Yes
Australian Bulldog,Australian Cattle Dog,"native to Australia, compact, short and tough coat, good at driving herds, tough character",Australia,12-16 years,15-22,43-51,"Tough, smart, alert","1. 2.5 hours of exercise daily, high-intensity work training; 2-Brush short hair once a week to maintain cleanliness. 3. Training to prevent heel bites from small rules","hip dysplasia, progressive retinal atrophy, deafness",herding,medium,4,2,5,Yes
Scottish sheepdog (coarse),Rough Collie,"Classic Scottish Shepherd variant, with long and fluffy fur and gentle character, is an excellent companion and sheepdog",United Kingdom (Scotland),12-14 years,18-27,56-66,"Docile, smart, family","1. 1.5 hours of exercise daily, walking + obedience training; 2-Brush long hair three times a week to prevent knotting. 3 Give enough care to prevent separation anxiety","hip dysplasia, progressive retinal atrophy, gastrointestinal sensitivity",herding,medium,4,4,3,Yes
Scottish Shepherd (short hair),Smooth Collie,"Scottish Shepherd variant, short and smooth coat, more lively character, easier to care for",United Kingdom (Scotland),12-14 years,18-27,56-66,"Lively, smart, loyal","1. 1.5 hours of exercise per day, suitable for family games; 2-Brush and remove short hair 1-2 times a week. 3 Early social protection is not friendly to pets","hip dysplasia, progressive retinal atrophy, hypothyroidism",herding,medium,4,2,3,Yes
Happyty sheepdog,Shetland Sheepdog,"native to Scotland, smaller than the Scottish Shepherd, with long and gorgeous fur and gentle character",United Kingdom (Shetland Islands),12-15 years,6-12KG,33-41,"Docile, clingy, smart","1. 1 hour of exercise per day, suitable for apartments (interactivity required); 2-Brush long hair 2-3 times a week and take care of the ears. 3 Avoid shouting loudly to prevent the timid","hip dysplasia, progressive retinal atrophy, Collie eye abnormalities",herding,small,4,4,3,Yes
Pembroke Wales Corgi,Pembroke Welsh Corgi,"Common Corgi species, tailless (or short tail), short stout, lively personality, good at sheep herding",United Kingdom (Wales),12-15 years,10-14kg,25-30,"Lively, family, smart","1. Exercise for 1.5 hours a day to avoid obesity (short legs); 2-Brush short hair 1-2 times a week, increasing the frequency during the shedding period. 3 Control diet to prevent lumbar spine problems","hip dysplasia, degenerative myelopathy, obesity-related diseases",herding,medium,4,3,3,Yes
Cardigan Wales Corgi,Cardigan Welsh Corgi,"Corgi primitive breed, with long tail, slightly larger body, more stable personality, strong sheep herding ability",United Kingdom (Wales),12-15 years,11-17kg,25-33,"Steady, loyal, smart","1. 1.5 hours of exercise per day, sheep herding simulation training; 2-Brush short hair 1-2 times a week to keep it clean. 3. Regularly check the lumbar spine to prevent spinal cord problems","hip dysplasia, degenerative myelopathy, progressive retinal atrophy",herding,medium,4,3,3,Yes
Finnish laphound,Finnish Lapphund,"native to Finland, medium size, thick hair, good at reindeer herding, adaptable to cold environment",Finland,12-15 years,15-24,41-52,"Docile, lively, loyal","1. 2 hours of exercise per day, suitable for outdoor cold activities; 2-Brush the thick coat 2-3 times a week to prevent knotting. 3 .According to warm home environment to avoid temperature difference","hip dysplasia, progressive retinal atrophy, hypothyroidism",herding,medium,4,4,4,Yes
Swedish Rapp Hound,Swedish Lapphund,"native to Sweden, similar to the Finnish laphound, with a slightly shorter coat and more alert personality",Sweden,12-15 years,15-23,40-51,"Vigilance, intelligence, loyalty","1. 2 hours of exercise daily, outdoor tracking training; 2-Brush and remove hair twice a week. 3 Early social defense against strangers","hip dysplasia, progressive retina atrophy, skin allergies",herding,medium,4,3,4,Yes
Icelandic sheepdog,Icelandic Sheepdog,"Originating from Iceland, small in size, thick in fur, good at herding sheep, lively in character",Iceland,12-16 years,9-14kg,33-41,"Lively, family, smart","1. 1.5 hours of exercise per day, suitable for family games; 2-Brush the thick coat 2-3 times a week to prevent tangling. 3. Avoid damp environments to prevent skin problems","hip dysplasia, progressive retinal atrophy, epilepsy",herding,small,4,4,3,Yes
Norwegian Buhad Dog,Norwegian Buhund,"native to Norway, medium size, coarse and hard coat, good at herding and guarding, tough character",Norway,12-15 years,12-18kg,41-46,"tenacity, loyalty, vigilance","1. 2 hours of exercise daily, outdoor work training; 2-Brush coarse and hard fur twice a week to remove debris. 3 Strict training to prevent over-guarding","hip dysplasia, progressive retinal atrophy, hypothyroidism",herding,medium,4,3,4,No
Polish lowland sheepdog,Polish Lowland Sheepdog,"native to Poland, medium-sized, long and curly hair, good at shepherding, gentle personality",Poland,12-15 years,14-16,41-51,"Docile, smart, loyal","1. 2 hours of exercise daily, sheep herding + agility training; 2-Brush the curled coat 3 to 4 times a week to prevent knotting. 3 Regularly trim your hair to keep it clean","hip dysplasia, progressive retinal atrophy, skin fungal infection",herding,medium,4,5,4,Yes
Portuguese sheepdog,Portuguese Sheepdog,"native to portugal, medium-sized, long and untidy hair, good at shepherding, lively personality",Portugal,12-15 years,12-18kg,41-56,"Lively, smart, family","1. 2 hours of exercise per day, suitable for outdoor games; 2-Brush the messy coat 2-3 times a week (maintain naturalness); 3 Give enough attention to prevent boredom","hip dysplasia, progressive retinal atrophy, hypothyroidism",herding,medium,4,4,4,Yes
Spanish sheepdog,Spanish Sheepdog,"native to Spain, medium size, long and smooth hair, good at sheep herding, calm personality",Spain,12-14 years,17-20,45-55,"Steady, loyal, smart","1. 1.5 hours of exercise daily, obey training; 2-Brush the long hair twice a week to ensure smoothness. 3 .Integrate into family life and avoid loneliness","hip dysplasia, progressive retina atrophy, gastric torsion",herding,medium,4,3,3,Yes
Hungarian Shepherd (Poly),Puli,"Originating from Hungary, the fur is rope-like, medium-sized, good at sheep herding, unique appearance",Hungary,12-15 years,10-15kg,38-48,"Smart, loyal, vigilant","1. 2 hours of exercise daily, outdoor sheep herding training; 2-Till the rope-like fur once or twice a week to avoid getting wet and knotting. 3. Regularly check the skin to prevent parasites","hip dysplasia, progressive retinal atrophy, skin inflammation",herding,medium,4,5,4,Yes
Hungarian sheepdog (Kermon),Komondor,"Originating from Hungary, the coat is white and rope-like, large in size, good at guarding and shepherding, calm personality",Hungary,10-12 years,36-60,63-76,"Steady, loyal, brave","1. 2 hours of exercise daily, guard training; 2-Twice a week to tidy up the rope-like fur to prevent dirt. 3 Early social defense against stranger attacks","hip dysplasia, progressive retina atrophy, gastric torsion",herding,large,4,5,4,No
Akita Dog (Japan),Akita Inu (Japanese Type),"Japanese native dog, large size, thick coat, loyal character, excellent guard dog",Japan,10-13 years,34-54,61-71,"Loyalty, steady, brave","1. 2 hours of exercise daily, outdoor walking (requires a rope); 2-Brush the thick coat 2-3 times a week, and comb it daily during the shedding period. 3 .Strictly trained to defend the territory too strong","hip dysplasia, hypothyroidism, progressive retinal atrophy",working,large,3,4,4,No
Akita Dog (U.S.),Akita (American Type),"Akita variant cultivated in the United States, with a thicker body, fluffier coat, and more lively personality",United States,10-13 years,34-54,61-71,"Lively, loyal, brave",1. Exercise for 2 hours a day and follow the training; 2-Brush and remove hair 2-3 times a week. 3 Early social protection is not friendly to pets,"hip dysplasia, elbow dysplasia, hypothyroidism",working,large,3,4,4,No
Siberian Sled Dog (Husky),Siberian Husky,"Native to Siberia, medium size, thick hair, good at sledding, lively personality",Siberia (Russia),12-15 years,16-27,50-60,"Lively, mischievous, family","1.-2.5 hours of exercise per day, including running. 2-Brush the thick coat 2-3 times a week, and comb it daily during the shedding period. 3 .Leave the dog to prevent getting lost","hip dysplasia, cataracts, skin allergies",working,medium,3,4,5,Yes
Alaskan Sled Dog,Alaskan Malamute,"Native to Alaska, larger than Husky, thicker fur, more stable personality, strong sled pulling ability",United States (Alaska),10-12 years,34-38,58-64,"Steady, loyal, gentle","1. 2.5 hours of exercise daily, simulated training with heavy lifting; 2-Brush the thick coat three times a week to prevent knotting. 3-Control diet to prevent obesity (joint pressure)","hip dysplasia, elbow dysplasia, gastric torsion",working,large,3,5,5,Yes
Samoyed dog,Samoyed,"native to siberia, white thick, smiley face, lively personality, good at pulling sleds",Siberia (Russia),12-14 years,16-30,48-60,"Lively, family, cheerful","1. 2 hours of exercise per day, suitable for outdoor games; 2-Brush the white coat three times a week to prevent dirt. 3-Regularly clean the ear canal to prevent infection (dense ear hair)","hip dysplasia, progressive retinal atrophy, hypothyroidism",working,medium,3,5,4,Yes
The Greenland Dog,Greenland Dog,"Native to Greenland, medium size, thick hair, adaptable to extremely cold environment, good at sledding",Greenland (Denmark),12-15 years,20-30,55-60,"Tough, loyal, lively","1. 3 hours of exercise daily, outdoor running in cold weather; 2-Brush the thick coat 2-3 times a week to keep warm. 3 Adapt to warm environment to prevent heat stroke","hip dysplasia, progressive retinal atrophy, skin problems",working,medium,3,4,5,Yes
Canadian Eskimo Dog,Canadian Eskimo Dog,"Originating from Canada, large size, thick hair, strong sled pulling ability, calm personality",Canada,10-15 years,30-40,58-70,"Steady, loyal, tenacious","1. 2.5 hours of exercise daily, heavy lifting training; 2-Brush and remove hair three times a week. 3 .Strict training to prevent freedom","hip dysplasia, elbow dysplasia, gastric torsion",working,large,3,5,5,Yes
Alaskan Klykee,Alaskan Klee Kai,"A mini variant of the Alaskan sled dog, small in size, dense in fur, and lively in character, suitable for companionship",United States,12-16 years,4-10kg,33-43,"Lively, family, clingy","1. 1 hour of exercise per day, suitable for apartments; 2-Brush the quilt twice a week to keep it clean. 3 Avoid excessive indulgence and prevent willfulness","hip dysplasia, progressive retinal atrophy, dental problems",working,small,3,4,3,Yes
German Doberman (Black),Doberman Pinscher (Black),"Classic Doberman variant, black brown color, strong body, brave personality, excellent guard dog",Germany,10-13 years,30-40,66-72,"Courage, loyalty, obedience","1. 2 hours of exercise daily, guard + obedience training; 2-Brush short hair 1-2 times a week for cleaning. 3 .Ear and tail removal (optional) to avoid infection","hip dysplasia, dilated cardiomyopathy, hypothyroidism",working,large,5,2,5,No
German Doberman (red),Doberman Pinscher (Red),"Doberman rare variant, reddish brown color, similar to the black variant, more elegant",Germany,10-13 years,30-40,66-72,"Graceful, brave, loyal","1. 2 hours of exercise daily, obedience + agility training; 2-Brush short hair 1-2 times a week and pay attention to sun protection. 3 Regularly check the heart to prevent cardiomyopathy","hip dysplasia, dilated cardiomyopathy, progressive retinal atrophy",working,large,5,2,5,No
Rottweiler dog,Rottweiler,"Originating from Germany, with a strong body, short and black brown coat, stable character, strong guarding ability",Germany,8-Ten years,35-60,56-69,"Steady, loyal, brave","1. 2 hours of exercise daily, guard + strength training; 2-Brush and remove short hair once a week. 3 .Strictly socialized from a young age to prevent aggression","hip dysplasia, elbow dysplasia, dilated cardiomyopathy",working,large,4,2,4,No
Casrow Dog,Cane Corso,"Originating from Italy, large body, short and smooth coat, stable personality, is a top-class guard dog",Italy,10-12 years,40-50,60-68,"Steady, loyal, vigilant","1. 2 hours of exercise daily, outdoor guard training; 2-Brush short hair once a week to keep it clean. 3 Strict training to prevent attacks against strangers","hip dysplasia, elbow dysplasia, gastric torsion",working,large,3,2,4,No
Naples Mastiff,Neapolitan Mastiff,"Originating from Italy, large body, short and smooth coat, steady character, strong guarding ability",Italy,8-Ten years,50-70,60-75,"calm, loyal, gentle (to the master)",1. Exercise for 1.5 hours a day to avoid excessive fatigue. 2-Brush short hair once a week and pay attention to skin wrinkles. 3 Control diet to prevent obesity,"Poor hip development, poor elbow development, heart problems",working,large,2,2,3,No
Bulldog Mastiff,Bullmastiff,"Bulldog and Mastiff hybrid breed, large size, short coat, brave character, strong guarding ability",United Kingdom,8-Ten years,45-60,61-69,"Brave, loyal, steady","1. 1.5 hours of exercise daily, strength training; 2-Brush short hair once a week to keep it clean. 3 Early social defense against dog attacks","Poor hip joint development, poor elbow joint development, breathing problems (short nose)",working,large,3,2,3,No
Great Dane (Black),Great Dane (Black),"One of the largest breeds of dogs, black coat, gentle character, known as ""gentle giant""",Germany,7-Ten years,50-90,71-86,"Docile, loyal, steady","1. Exercise for 1.5 hours a day, avoid intense (joint pressure); 2-Brush and remove short hair once a week. 3. Provide large space to avoid crowding","Hip joint dysplasia, elbow joint dysplasia, gastric torsion (high incidence)",working,large,3,2,3,Yes
Great Dane (blue),Great Dane (Blue),"The Great Dane is a rare variant, with blue coat and similar character to the black variant, making it more unique",Germany,7-Ten years,50-90,71-86,"Stable, docile, loyal","1. 1.5 hours of exercise per day, suitable for slow walking; 2-Brush short hair once a week and pay attention to skin care. 3. Regularly check the heart to prevent cardiomyopathy","hip dysplasia, elbow dysplasia, gastric torsion",working,large,3,2,3,Yes
Great Dane (stained),Great Dane (Harlequin),"Great Dane is a common variant, with a mottled coat, and a lively personality, suitable for family companions",Germany,7-Ten years,50-90,71-86,"Lively, docile, family","1. 1.5 hours of exercise daily, gentle games; 2-Brush short hair once a week to keep it clean. 3 Avoid jumping at heights to prevent joint injuries","hip dysplasia, elbow dysplasia, progressive retinal atrophy",working,large,3,2,3,Yes
St. Bernard Dog,St. Bernard,"native to Switzerland, large body, thick hair, good at rescue, docile personality",Switzerland,8-Ten years,50-90,65-90,"Docile, loyal, family","1. 1.5 hours of exercise per day, suitable for slow walking; 2-Brush the thick coat 2-3 times a week to prevent knotting. 3 Control diet to prevent obesity and joint problems","hip dysplasia, elbow dysplasia, gastric torsion",working,large,2,4,3,Yes
Bourne Mountain Dog,Bernese Mountain Dog,"Originating from Switzerland, large size, black brown and white coat, gentle personality, suitable for family companions",Switzerland,6-Eight years,36-50,58-70,"Docile, loyal, family","1. 2 hours of exercise daily, outdoor walking + games; 2-Brush the coat 2-3 times a week, increasing the frequency during the shedding period. 3. Regularly check for cancer (high incidence)","Dysplasia of the hip joint, dysplasia of the elbow joint, cancer (osteosarcoma)",working,large,4,3,4,Yes
Swiss Bern Mountain Dog,Swiss Bernese Mountain Dog,"The native Swiss variant of the Bernese Mountain Dog, slightly smaller in size, thicker fur, and more stable in character",Switzerland,6-Eight years,36-50,58-70,"Stable, loyal, docile","1. 1.5 hours of exercise per day, family activities; 2-Brush the quilt three times a week to keep it clean. 3. Avoid damp environments to prevent skin problems","hip dysplasia, progressive retinal atrophy, hypothyroidism",working,large,4,3,3,Yes
Newfoundland Dogs,Newfoundland,"Originating from Canada, large size, thick hair, waterproof, good at swimming rescue, gentle personality",Canada,8-Ten years,45-68,66-71,"Docile, loyal, family","1. 2 hours of exercise every day, increase swimming activities; 2-Brush the thick coat 2-3 times a week to prevent knotting. 3 Clean your ears regularly to prevent infection","hip dysplasia, elbow dysplasia, heart disease",working,large,3,4,4,Yes
Portuguese Water Dog,Portuguese Water Dog,"Originating from Portugal, medium-sized body, curly hair, waterproof, good at water rescue, lively personality",Portugal,10-14 years,16-27,43-58,"Lively, smart, loyal","1. 2 hours of exercise per day, including swimming; 2-Brush the curled quilt twice a week to prevent knotting. 3 Regularly trim hair to protect against water","hip dysplasia, progressive retinal atrophy, hypothyroidism",working,medium,4,3,5,Yes
Standard Poodle (Black),Standard Poodle (Black),"Poodle standard size, black coat, high IQ, good at various training, lively personality",Germany / France,12-15 years,20-32,38-60,"Smart, lively, loyal","1. 2 hours of exercise daily, obedience + agility training; 2-Trim the fur (modeling) 1-2 times a week. 3 Regularly clean the ear canal to prevent infection","hip dysplasia, cataracts, epilepsy",NON-sporting,medium,5,1,4,Yes
Standard Poodle (White),Standard Poodle (White),"Standard Poodle common variant, white coat, gentle personality, suitable for display and companionship",Germany / France,12-15 years,20-32,38-60,"Docile, smart, family","1. 2 hours of exercise daily, family games; 2-Trim the coat 1-2 times a week to keep it white. 3. Avoid dirty environments and prevent staining","hip dysplasia, cataracts, skin allergies",NON-sporting,medium,5,1,4,Yes
Standard Poodle (Brown),Standard Poodle (Brown),"Standard Poodle common variant, brown coat, lively personality, suitable for interactive training",Germany / France,12-15 years,20-32,38-60,"Lively, smart, loyal","1. 2 hours of exercise every day, recovery training; 2-Trim the fur once a week to protect the shape. 3. Regularly check the skin to prevent fungal infections","hip dysplasia, cataracts, hypothyroidism",NON-sporting,medium,5,1,4,Yes
Mini Poodle,Miniature Poodle,"Poodle mini-sized, with a variety of coats, lively personality, suitable for apartment breeding",Germany / France,12-15 years,6-9Kg,28-38,"Lively, clingy, smart","1. 1.5 hours of exercise daily, indoor games; 2-Trim the fur once a week for easy maintenance. 3 Avoid excessive indulgence and prevent willfulness","Patellar dislocation, cataracts, dental problems",NON-sporting,small,5,1,3,Yes
Toy Poodle,Toy Poodle,"Poodle toy size, the smallest Poodle variant, clingy personality, suitable for companions",Germany / France,12-15 years,3-6 KG,24-28,"Sticky, smart, docile","1. 1 hour of exercise per day, indoor interaction; 2-Trim the quilt once a week to maintain a compact shape. 3 Pay attention to keeping warm and avoiding cold","Patellar dislocation, cataracts, hypoglycemia (puppies)",NON-sporting,small,5,1,2,Yes
French Bulldog (Black),French Bulldog (Black),"Classic fighting variant, black fur, short and strong, gentle personality, suitable for apartment breeding",France,10-12 years,8-14kg,27-35,"Docile, clingy, cheerful","1. Exercise for 1 hour daily, avoid intense (short nose hypoxia); 2-Brush and remove short hair once a week. 3. Pay attention to heat dissipation and prevent heatstroke","Respiratory problems (short nose syndrome), skin fold infection, patellar dislocation",NON-sporting,small,3,2,2,Yes
French Bulldog (Tiger Spot),French Bulldog (Brindle),"Common variants of French fighting, tiger-striped hair, lively personality, suitable for family companions",France,10-12 years,8-14kg,27-35,"Lively, family, docile","1. Exercise for 1 hour daily, take a slow walk; 2-Brush short hair once a week to keep it clean. 3 Regularly clean skin folds to prevent infection","Respiratory problems, skin fold infections, hip dysplasia",NON-sporting,small,3,2,2,Yes
French Bulldog (Cream),French Bulldog (Cream),"The rare variant of the French fighting, cream-colored fur, gentle character, higher price",France,10-12 years,8-14kg,27-35,"Docile, clingy, quiet","1. 1 hour of exercise daily, indoor games; 2-Brush short hair once a week and pay attention to sun protection for the skin. 3 Control diet to prevent obesity","Respiratory problems, skin fold infections, eye problems (cherry eyes)",NON-sporting,small,3,2,2,Yes
British Bulldog (red),English Bulldog (Red),"Common variants of Heroes, red coat, strong body, steady personality, suitable for families",United Kingdom,8-Ten years,18-25,31-40,"Stable, docile, loyal","1. Exercise for 1 hour every day, avoid strenuous exercise; 2-Brush and remove short hair once a week. 3 Regularly clean skin folds to prevent infection","Respiratory problems, skin fold infections, hip dysplasia",NON-sporting,medium,2,2,2,Yes
British Bulldog (white),English Bulldog (White),"Common variant of Hero, white coat, gentle personality, suitable for companions",United Kingdom,8-Ten years,18-25,31-40,"Docile, family, quiet","1. Exercise for 1 hour daily, take a slow walk; 2-Brush short hair once a week and pay attention to sun protection. 3 Avoid high temperature environment to prevent heat stroke","Respiratory problems, skin fold infections, deafness (high incidence in white)",NON-sporting,medium,2,2,2,Yes
British Bulldog (tiger spot),English Bulldog (Brindle),"Common variants of Heroes, tiger-spotted fur, lively personality, suitable for interaction",United Kingdom,8-Ten years,18-25,31-40,"Lively, docile, family","1. 1 hour of exercise daily, family games; 2-Brush short hair once a week to keep it clean. 3 Control diet to prevent obesity","Respiratory problems, skin fold infections, eye problems",NON-sporting,medium,2,2,2,Yes
Boston terrier,Boston Terrier,"Native to the United States, small size, black and white coat, lively personality, suitable for apartment breeding",United States,11-13 years,4-11KG,30-43,"Lively, family, smart","1. 1 hour of exercise daily, indoor games; 2-Brush and remove short hair once a week. 3 Pay attention to breathing and avoid intense exercise in high temperatures","Respiratory problems, eye problems (cataracts), patellar dislocation",NON-sporting,small,4,2,2,Yes
Barley Town Dog (spotted dog),Dalmatian,"Originating from Yugoslavia, medium-sized, white-coated black spots, lively personality, good at pulling carts",Republic of Croatia,10-13 years,20-32,56-61,"Lively, smart, loyal","1. 2 hours of exercise every day, running + games; 2-Brush short hair once a week to keep it clean. 3 Early training to prevent excessive excitement","hip dysplasia, deafness (high incidence of spots), uric acid stones",NON-sporting,medium,4,2,5,Yes
Chinese Sharpi Dog,Chinese Shar-Pei,"Chinese native dog, medium size, with a wrinkled skin, short and hard coat, steady character",China,8-12 years,16-25,46-51,"Steady, loyal, vigilant","1. Exercise for 1 hour daily, take a slow walk; 2-Brush short hair once a week, focusing on cleaning wrinkles. 3 Regularly check the skin to prevent infection","Skin fold infection, hip joint dysplasia, eye diseases (eyelid inversion)",NON-sporting,medium,2,2,2,No
Pine Lion Dog (Brown),Chow Chow (Brown),"Chinese native dog, medium size, thick coat, blue tongue, steady character",China,9-15 years,20-32,46-56,"Steady, loyal, independent","1. 1.5 hours of exercise daily, outdoor walking; 2-Brush the thick coat 2-3 times a week, and comb it daily during the shedding period. 3 Early social defense against apathy towards strangers","hip dysplasia, progressive retinal atrophy, hypothyroidism",NON-sporting,medium,2,5,3,No
Pine Lion Dog (Black),Chow Chow (Black),"The common variant of the pine lion dog, black coat, similar to the brown variant, more stable",China,9-15 years,20-32,46-56,"Steady, loyal, independent","1. 1.5 hours of exercise per day, family activities; 2-Brush the quilt 2-3 times a week to keep it clean. 3 Avoid excessive bathing to prevent dry skin","hip dysplasia, progressive retina atrophy, skin allergies",NON-sporting,medium,2,5,3,No
Pine Lion Dog (White),Chow Chow (White),"Pine Lion Dog rare variety, white coat, gentle character, suitable for companions",China,9-15 years,20-32,46-56,"Docile, loyal, family","1. 1.5 hours of exercise daily, slow walking; 2-Brush the coat three times a week to prevent dirt. 3 Pay attention to oral hygiene and brush your teeth regularly","hip dysplasia, progressive retinal atrophy, dental problems",NON-sporting,medium,2,5,3,No
Finnish Pomeranian hair dog,Finnish Pomeranian-Spitz,"Originating from Finland, small in size, long and silky hair, lively personality, suitable for companions",Finland,12-15 years,3-6 KG,25-30,"Lively, clingy, smart","1. 1 hour of exercise daily, indoor games; 2-Brush long hair 2-3 times a week to prevent knotting. 3 Avoid excessive grooming to prevent hair breakage","Patellar dislocation, cataracts, skin allergies",NON-sporting,small,4,4,2,Yes
Dutch Lion Dog,Keeshond,"Originating from Holland, medium size, thick hair, lively personality, suitable for family",Netherlands,12-15 years,14-18,43-48,"Lively, smart, family","1. 1.5 hours of exercise and outdoor games per day; 2-Brush the coat 2-3 times a week, increasing the frequency during the shedding period. 3 Early training to prevent barking","hip dysplasia, progressive retinal atrophy, hypothyroidism",NON-sporting,medium,4,4,3,Yes
American Eskimo Dog (Standard),American Eskimo Dog (Standard),"Native to the United States, medium-sized, thick white fur, lively personality, good at acting",United States,12-15 years,11-16kg,46-58,"Lively, smart, family","1. 2 hours of exercise daily, agility training; 2-Brush the coat 2-3 times a week to keep it white. 3. Avoid damp environments to prevent skin problems","hip dysplasia, progressive retinal atrophy, hypothyroidism",NON-sporting,medium,4,4,4,Yes
American Eskimo Dog (Mini),American Eskimo Dog (Miniature),"A mini-sized American Eskimo dog, suitable for apartment breeding, with a clingy personality",United States,12-15 years,6-10Kg,38-48,"Sticky, lively, smart","1. 1 hour of exercise daily, indoor interaction; 2-Brush and remove hair twice a week. 3 Give enough attention to prevent separation anxiety","Patellar dislocation, cataracts, dental problems",NON-sporting,small,4,4,3,Yes
American Eskimo Dog (toy type),American Eskimo Dog (Toy),"The smallest American Eskimo dog, gentle and suitable for companionship",United States,12-15 years,2.5-4.5,23-30,"Docile, clingy, smart","1. 1 hour of exercise daily, indoor games; 2-Brush the quilt twice a week to keep it clean. 3 Pay attention to keeping warm and avoiding cold","Patellar dislocation, cataract, hypoglycemia",NON-sporting,small,4,4,2,Yes
Shiba Inu (red),Shiba Inu (Red),"Japanese native dog, small in size, red coat, lively character, good at hunting",Japan,12-15 years,6-10Kg,35-41,"Lively, loyal, independent","1. 1.5 hours of exercise daily, outdoor walking + recovery; 2-Brush short hair 1-2 times a week, increasing the frequency during the shedding period. 3 Training to avoid stubbornness in a positive way","hip dysplasia, progressive retinal atrophy, hypothyroidism",NON-sporting,small,3,3,3,Yes
Shiba Inu (Black),Shiba Inu (Black & Tan),"A rare variety of Shiba Inu, black fur, similar to the red variety, more stable",Japan,12-15 years,6-10Kg,35-41,"Steady, loyal, independent","1. 1.5 hours of exercise per day, family activities; 2-Brush short hair 1-2 times a week for cleaning. 3. Regularly check the skin to prevent allergies","hip dysplasia, progressive retinal atrophy, skin problems",NON-sporting,small,3,3,3,Yes
Shiba Inu (white),Shiba Inu (Cream/White),"Shiba Inu common variant, white coat, gentle personality, suitable for companions",Japan,12-15 years,6-10Kg,35-41,"Docile, family, lively","1. 1.5 hours of exercise daily, indoor games; 2-Brush short hair once a week and pay attention to sun protection. 3 Avoid excessive indulgence and prevent willfulness","hip dysplasia, progressive retinal atrophy, dental problems",NON-sporting,small,3,3,3,Yes
